2026-01-21 11:09:23,106 DEBUG [WB_to_MX.lambda$run_gui_mode$0] Arguments: [-mx_timeout, -1, -pack, assets/MotorControlPack/MotorControl.zip, -exp, templates/wb-defines_where_and_what.txt, -ftl, templates/wb_ioc_template.ftl, -xdm, D:\MotorControl\STLM-24-25-1\STLM-24-25-1.wbdef, -ioc, D:\MotorControl\STLM-24-25-1\STLM-24-25-1.ioc]
2026-01-21 11:09:23,108 DEBUG [ArgsValue.lambda$retrieve$2] CLI_ARG[ftl]: templates/wb_ioc_template.ftl
2026-01-21 11:09:23,109 DEBUG [ArgsValue.lambda$retrieve$2] CLI_ARG[exp]: templates/wb-defines_where_and_what.txt
2026-01-21 11:09:23,109 DEBUG [ArgsValue.lambda$retrieve$2] CLI_ARG[xdm]: D:\MotorControl\STLM-24-25-1\STLM-24-25-1.wbdef
2026-01-21 11:09:23,109 DEBUG [ArgsValue.lambda$retrieve$2] CLI_ARG[ioc]: D:\MotorControl\STLM-24-25-1\STLM-24-25-1.ioc
2026-01-21 11:09:23,110 DEBUG [ArgsValue.lambda$retrieve$2] CLI_ARG[pack]: assets/MotorControlPack/MotorControl.zip
2026-01-21 11:09:23,110 DEBUG [ArgsValue.lambda$retrieve$2] CLI_ARG[mx_timeout]: -1
2026-01-21 11:09:23,110 DEBUG [ArgsValue.retrieve] {xdm=D:\MotorControl\STLM-24-25-1\STLM-24-25-1.wbdef, updftl=templates/wb_ioc_mc-middleware.ftl, mx_timeout=-1, exp=templates/wb-defines_where_and_what.txt, ioc=D:\MotorControl\STLM-24-25-1\STLM-24-25-1.ioc, pack=assets/MotorControlPack/MotorControl.zip, ftl=templates/wb_ioc_template.ftl}
2026-01-21 11:09:23,148 DEBUG [WB_to_MX.run] Targeted MCU family = F3
2026-01-21 11:09:23,155 DEBUG [WB_to_MX.run] Minimum associated CubeMx to the `6.0.0-a0` targeted MCU family is `F3`
2026-01-21 11:09:29,324 DEBUG [EnvironmentChecker.checkPack] STM32CubeMX.Version: 6.15.0-RC4
2026-01-21 11:09:29,327 DEBUG [RetrieveFirmwareVersion.from_zip] Trying to read Firmware version from zipped version Pack: C:\Program Files (x86)\STMicroelectronics\MC_SDK_6.4.1\Utilities\PC_Software\STMCWB\assets\MotorControlPack\MotorControl.zip
2026-01-21 11:09:29,373 DEBUG [RetrieveFirmwareVersion.minimum_supporte_version] minimum_supporte_version MotorControlFirmware.Version: 6.4.1-RC1-Full
2026-01-21 11:09:29,374 DEBUG [PackInfoFactory.deploy_MCPack_to_MxRepo] Deployment strategy class: VersionedFolderStyle_MCPackDeployer
2026-01-21 11:09:29,374 DEBUG [PackInfoFactory.deploy_MCPack_to_MxRepo] Expected MC Pack 6.4.1-Full already deployed
2026-01-21 11:09:29,391 DEBUG [DataSetUpdater.update] Updating data set
2026-01-21 11:09:29,391 DEBUG [DataSetUpdater.update] Update done
2026-01-21 11:09:29,392 INFO  [IocGenerator.logModulesVersionInfo] Version info: 
2026-01-21 11:09:29,413 INFO  [IocGenerator.logModulesVersionInfo]   MC Workbench       : 6.4.1
2026-01-21 11:09:29,414 INFO  [IocGenerator.logModulesVersionInfo]   WB_to_Mx           : 6.4.1-RC1-Full.template-25-05-06
2026-01-21 11:09:29,414 INFO  [IocGenerator.logModulesVersionInfo]   STM32CubeMX        : 6.15.0
2026-01-21 11:09:29,415 INFO  [IocGenerator.logModulesVersionInfo]   MC Firmware Library: 6.4.1-Full
2026-01-21 11:09:29,415 INFO  [IocGenerator.logModulesVersionInfo] 
Generation options: 
2026-01-21 11:09:29,416 INFO  [IocGenerator.logModulesVersionInfo]   Target Toolchain   : Keil MDK-ARM V5
2026-01-21 11:09:29,416 INFO  [IocGenerator.logModulesVersionInfo]   Target Driver      : HAL - Hardware Abstraction Layer
2026-01-21 11:09:29,416 INFO  [IocGenerator.logModulesVersionInfo]   Target STM32 FW    : 1.11.5

2026-01-21 11:09:29,418 DEBUG [IocGenerator.process] D:\MotorControl\STLM-24-25-1\STLM-24-25-1.ioc ioc file: Generating
2026-01-21 11:09:29,419 DEBUG [IocGenerator.createOutput] Generating file from template templates\wb_ioc_template.ftl
2026-01-21 11:09:30,305 DEBUG [IocGenerator.process] ioc file D:\MotorControl\STLM-24-25-1\STLM-24-25-1.ioc Generated
2026-01-21 11:09:30,309 INFO  [LineInfo_to_exitCode.log_LineInfo] D:\MotorControl\STLM-24-25-1\STLM-24-25-1.ioc ioc: Generated
2026-01-21 11:09:30,341 INFO  [Wb2MxProcess.lambda$copyFolder$e7a869af$1] Folder Copied: D:\MotorControl\STLM-24-25-1\ftl
2026-01-21 11:09:30,380 INFO  [extSettings.lambda$writeContentToFile$f5919002$1] Generated D:\MotorControl\STLM-24-25-1\.extSettings
2026-01-21 11:09:30,384 INFO  [Wb2MxProcess.lambda$run$$19] 
Started STM32CubeMX for final c-code generation
2026-01-21 11:09:30,397 DEBUG [CubeMxRunner.create_code_generation_script_for] Generated CubeMx script file: C:\Users\User\AppData\Local\Temp\WB_to_Mx-stlm-13212398818606769438.script
2026-01-21 11:09:31,353 DEBUG [LineInfo_to_exitCode.log_LineInfo] 2026-01-21 11:09:31,350 [INFO] MicroXplorer:98 - [MX] MX Start == 1799742336044100
2026-01-21 11:09:31,355 DEBUG [LineInfo_to_exitCode.log_LineInfo] 2026-01-21 11:09:31,353 [INFO] MicroXplorer:653 - Detected Java Version = 21.0.3
2026-01-21 11:09:31,356 DEBUG [LineInfo_to_exitCode.log_LineInfo] 2026-01-21 11:09:31,356 [INFO] ApplicationProperties:184 - Using Application install path: C:\Users\User\AppData\Local\Programs\STM32CubeMX
2026-01-21 11:09:31,370 DEBUG [LineInfo_to_exitCode.log_LineInfo] 2026-01-21 11:09:31,370 [INFO] DbMcusXml:78 - Set database path to: C:\Users\User\AppData\Local\Programs\STM32CubeMX\\db\/mcu/
2026-01-21 11:09:31,371 DEBUG [LineInfo_to_exitCode.log_LineInfo] 2026-01-21 11:09:31,370 [INFO] ApiDb:274 - Set plugin database path to: C:\Users\User\AppData\Local\Programs\STM32CubeMX\\db\/plugins/boardmanager/
2026-01-21 11:09:31,374 DEBUG [LineInfo_to_exitCode.log_LineInfo] 2026-01-21 11:09:31,374 [INFO] McuFinderGlobals:63 - Set McuFinder mode to 1 (CubeMX integrated)
2026-01-21 11:09:31,397 DEBUG [LineInfo_to_exitCode.log_LineInfo] 2026-01-21 11:09:31,396 [INFO] ApiDb:250 - Set database path to: C:\Users\User\.stmcufinder\plugins\mcufinder//mcu/
2026-01-21 11:09:31,398 DEBUG [LineInfo_to_exitCode.log_LineInfo] 2026-01-21 11:09:31,398 [INFO] DbMcusAds:125 - Set database path to: C:\Users\User\.stmcufinder\plugins\mcufinder//mcu/
2026-01-21 11:09:31,951 DEBUG [LineInfo_to_exitCode.log_LineInfo] 2026-01-21 11:09:31,950 [INFO] CrossReferenceDbSqlite:203 - Set database path to: C:\Users\User\.stmcufinder\plugins\mcufinder//mcu/cs/
2026-01-21 11:09:32,077 DEBUG [LineInfo_to_exitCode.log_LineInfo] 2026-01-21 11:09:32,077 [INFO] RulesReader:64 - Compatibility file has been processed (317 Rules)
2026-01-21 11:09:32,100 DEBUG [LineInfo_to_exitCode.log_LineInfo] 2026-01-21 11:09:32,100 [INFO] STM32CubeMX:60 - Starting STM32CubeMX
2026-01-21 11:09:32,499 DEBUG [LineInfo_to_exitCode.log_LineInfo] 2026-01-21 11:09:32,498 [INFO] MainPanel:274 - HeapMemory: 50331648
2026-01-21 11:09:32,716 DEBUG [LineInfo_to_exitCode.log_LineInfo] 2026-01-21 11:09:32,716 [INFO] DbMcusXml:78 - Set database path to: C:\Users\User\AppData\Local\Programs\STM32CubeMX\\db\/mcu/
2026-01-21 11:09:32,717 DEBUG [LineInfo_to_exitCode.log_LineInfo] 2026-01-21 11:09:32,716 [INFO] ApiDb:274 - Set plugin database path to: C:\Users\User\AppData\Local\Programs\STM32CubeMX\\db\/plugins/boardmanager/
2026-01-21 11:09:32,717 DEBUG [LineInfo_to_exitCode.log_LineInfo] 2026-01-21 11:09:32,716 [INFO] ApiDb:261 - Set plugin images path to: C:\Users\User\AppData\Local\Programs\STM32CubeMX\\db\/plugins/mcufinder/images/
2026-01-21 11:09:32,717 DEBUG [LineInfo_to_exitCode.log_LineInfo] 2026-01-21 11:09:32,717 [INFO] ApiDb:250 - Set database path to: C:\Users\User\.stmcufinder\plugins\mcufinder//mcu/
2026-01-21 11:09:32,718 DEBUG [LineInfo_to_exitCode.log_LineInfo] 2026-01-21 11:09:32,717 [INFO] DbMcusAds:125 - Set database path to: C:\Users\User\.stmcufinder\plugins\mcufinder//mcu/
2026-01-21 11:09:32,719 DEBUG [LineInfo_to_exitCode.log_LineInfo] 2026-01-21 11:09:32,718 [INFO] CrossReferenceDbSqlite:203 - Set database path to: C:\Users\User\.stmcufinder\plugins\mcufinder//mcu/cs/
2026-01-21 11:09:32,742 DEBUG [LineInfo_to_exitCode.log_LineInfo] 2026-01-21 11:09:32,742 [INFO] ApplicationProperties:184 - Using Application install path: C:\Users\User\AppData\Local\Programs\STM32CubeMX
2026-01-21 11:09:32,743 DEBUG [LineInfo_to_exitCode.log_LineInfo] 2026-01-21 11:09:32,743 [INFO] PluginManage:196 - Search for loadable plugins [exclusion list=, ]
2026-01-21 11:09:32,745 DEBUG [LineInfo_to_exitCode.log_LineInfo] 2026-01-21 11:09:32,745 [INFO] PluginManage:310 - Check plugin analytics
2026-01-21 11:09:33,129 DEBUG [LineInfo_to_exitCode.log_LineInfo] 2026-01-21 11:09:33,128 [INFO] AnalyticsPlugin:253 - Accepted Software Licenses: STM32CubeMX.6.15.0
2026-01-21 11:09:33,129 DEBUG [LineInfo_to_exitCode.log_LineInfo] 2026-01-21 11:09:33,129 [INFO] AnalyticsPlugin:255 - Accepted CMSIS Pack Licenses: 
2026-01-21 11:09:33,130 DEBUG [LineInfo_to_exitCode.log_LineInfo] 2026-01-21 11:09:33,129 [INFO] AnalyticsPlugin:257 - Accepted Firmware Licenses: 
2026-01-21 11:09:33,133 DEBUG [LineInfo_to_exitCode.log_LineInfo] 2026-01-21 11:09:33,133 [INFO] PluginManage:359 - Loaded plugin analytics (category:tool,tabindex:-1)
2026-01-21 11:09:33,134 DEBUG [LineInfo_to_exitCode.log_LineInfo] 2026-01-21 11:09:33,133 [INFO] PluginManage:310 - Check plugin cadmodel
2026-01-21 11:09:33,170 DEBUG [LineInfo_to_exitCode.log_LineInfo] 2026-01-21 11:09:33,170 [INFO] CADModel:105 - Init CAD model plugin
2026-01-21 11:09:33,170 DEBUG [LineInfo_to_exitCode.log_LineInfo] 2026-01-21 11:09:33,170 [INFO] PluginManage:359 - Loaded plugin cadmodel (category:power,tabindex:5)
2026-01-21 11:09:33,171 DEBUG [LineInfo_to_exitCode.log_LineInfo] 2026-01-21 11:09:33,170 [INFO] PluginManage:310 - Check plugin clock
2026-01-21 11:09:33,184 DEBUG [LineInfo_to_exitCode.log_LineInfo] 2026-01-21 11:09:33,184 [INFO] PluginManage:359 - Loaded plugin clock (category:base,tabindex:2)
2026-01-21 11:09:33,185 DEBUG [LineInfo_to_exitCode.log_LineInfo] 2026-01-21 11:09:33,185 [INFO] PluginManage:310 - Check plugin ddr
2026-01-21 11:09:33,193 DEBUG [LineInfo_to_exitCode.log_LineInfo] 2026-01-21 11:09:33,192 [INFO] PluginManage:359 - Loaded plugin ddr (category:tool,tabindex:6)
2026-01-21 11:09:33,193 DEBUG [LineInfo_to_exitCode.log_LineInfo] 2026-01-21 11:09:33,193 [INFO] PluginManage:310 - Check plugin filemanager
2026-01-21 11:09:33,369 DEBUG [LineInfo_to_exitCode.log_LineInfo] 2026-01-21 11:09:33,369 [INFO] PluginManage:359 - Loaded plugin filemanager (category:base,tabindex:10)
2026-01-21 11:09:33,370 DEBUG [LineInfo_to_exitCode.log_LineInfo] 2026-01-21 11:09:33,369 [INFO] PluginManage:310 - Check plugin ipmanager
2026-01-21 11:09:33,383 DEBUG [LineInfo_to_exitCode.log_LineInfo] 2026-01-21 11:09:33,382 [INFO] PluginManage:359 - Loaded plugin ipmanager (category:base,tabindex:5)
2026-01-21 11:09:33,383 DEBUG [LineInfo_to_exitCode.log_LineInfo] 2026-01-21 11:09:33,383 [INFO] PluginManage:310 - Check plugin lpbam
2026-01-21 11:09:33,391 DEBUG [LineInfo_to_exitCode.log_LineInfo] 2026-01-21 11:09:33,391 [INFO] PluginManage:359 - Loaded plugin lpbam (category:base,tabindex:0)
2026-01-21 11:09:33,392 DEBUG [LineInfo_to_exitCode.log_LineInfo] 2026-01-21 11:09:33,391 [INFO] PluginManage:310 - Check plugin memorymap
2026-01-21 11:09:33,403 DEBUG [LineInfo_to_exitCode.log_LineInfo] 2026-01-21 11:09:33,402 [INFO] PluginManage:359 - Loaded plugin memorymap (category:base,tabindex:4)
2026-01-21 11:09:33,403 DEBUG [LineInfo_to_exitCode.log_LineInfo] 2026-01-21 11:09:33,403 [INFO] PluginManage:310 - Check plugin pinoutandconfiguration
2026-01-21 11:09:33,416 DEBUG [LineInfo_to_exitCode.log_LineInfo] 2026-01-21 11:09:33,415 [INFO] PluginManage:359 - Loaded plugin pinoutandconfiguration (category:base,tabindex:1)
2026-01-21 11:09:33,416 DEBUG [LineInfo_to_exitCode.log_LineInfo] 2026-01-21 11:09:33,416 [INFO] PluginManage:310 - Check plugin pinoutconfig
2026-01-21 11:09:33,692 DEBUG [LineInfo_to_exitCode.log_LineInfo] 2026-01-21 11:09:33,692 [INFO] PluginManage:359 - Loaded plugin pinoutconfig (category:base,tabindex:0)
2026-01-21 11:09:33,693 DEBUG [LineInfo_to_exitCode.log_LineInfo] 2026-01-21 11:09:33,692 [INFO] PluginManage:310 - Check plugin power
2026-01-21 11:09:33,712 DEBUG [LineInfo_to_exitCode.log_LineInfo] 2026-01-21 11:09:33,712 [INFO] PluginManage:359 - Loaded plugin power (category:power,tabindex:4)
2026-01-21 11:09:33,713 DEBUG [LineInfo_to_exitCode.log_LineInfo] 2026-01-21 11:09:33,712 [INFO] PluginManage:310 - Check plugin projectmanager
2026-01-21 11:09:33,802 DEBUG [LineInfo_to_exitCode.log_LineInfo] 2026-01-21 11:09:33,802 [INFO] PluginManage:359 - Loaded plugin projectmanager (category:projectmanager,tabindex:4)
2026-01-21 11:09:33,803 DEBUG [LineInfo_to_exitCode.log_LineInfo] 2026-01-21 11:09:33,802 [INFO] PluginManage:310 - Check plugin rif
2026-01-21 11:09:33,819 DEBUG [LineInfo_to_exitCode.log_LineInfo] 2026-01-21 11:09:33,818 [INFO] PluginManage:359 - Loaded plugin rif (category:base,tabindex:3)
2026-01-21 11:09:33,820 DEBUG [LineInfo_to_exitCode.log_LineInfo] 2026-01-21 11:09:33,819 [INFO] PluginManage:310 - Check plugin thirdparty
2026-01-21 11:09:33,991 DEBUG [LineInfo_to_exitCode.log_LineInfo] 2026-01-21 11:09:33,991 [INFO] PluginManage:359 - Loaded plugin thirdparty (category:base,tabindex:-1)
2026-01-21 11:09:33,992 DEBUG [LineInfo_to_exitCode.log_LineInfo] 2026-01-21 11:09:33,991 [INFO] PluginManage:310 - Check plugin tools
2026-01-21 11:09:33,992 DEBUG [LineInfo_to_exitCode.log_LineInfo] 2026-01-21 11:09:33,991 [INFO] IntegrityCheckThread:86 - entering critical section [integrity check]
2026-01-21 11:09:33,993 DEBUG [LineInfo_to_exitCode.log_LineInfo] 2026-01-21 11:09:33,992 [INFO] ThirdPartyUpdaterWithRetryManager:70 - Updater plugin not ready yet. [1/15]
2026-01-21 11:09:33,994 DEBUG [LineInfo_to_exitCode.log_LineInfo] 2026-01-21 11:09:33,994 [INFO] PluginManage:359 - Loaded plugin tools (category:base,tabindex:7)
2026-01-21 11:09:33,995 DEBUG [LineInfo_to_exitCode.log_LineInfo] 2026-01-21 11:09:33,994 [INFO] PluginManage:310 - Check plugin tutovideos
2026-01-21 11:09:34,167 DEBUG [LineInfo_to_exitCode.log_LineInfo] 2026-01-21 11:09:34,167 [INFO] PluginManage:359 - Loaded plugin tutovideos (category:base,tabindex:-1)
2026-01-21 11:09:34,167 DEBUG [LineInfo_to_exitCode.log_LineInfo] 2026-01-21 11:09:34,167 [INFO] PluginManage:310 - Check plugin updater
2026-01-21 11:09:34,201 DEBUG [LineInfo_to_exitCode.log_LineInfo] 2026-01-21 11:09:34,201 [INFO] PluginManage:359 - Loaded plugin updater (category:base,tabindex:12)
2026-01-21 11:09:34,202 DEBUG [LineInfo_to_exitCode.log_LineInfo] 2026-01-21 11:09:34,201 [INFO] PluginManage:310 - Check plugin userauth
2026-01-21 11:09:34,210 DEBUG [LineInfo_to_exitCode.log_LineInfo] 2026-01-21 11:09:34,209 [INFO] UserAuth:118 - Init User Auth plugin
2026-01-21 11:09:34,211 DEBUG [LineInfo_to_exitCode.log_LineInfo] 2026-01-21 11:09:34,211 [INFO] PluginManage:359 - Loaded plugin userauth (category:base,tabindex:14)
2026-01-21 11:09:34,212 DEBUG [LineInfo_to_exitCode.log_LineInfo] 2026-01-21 11:09:34,212 [INFO] PluginManage:283 - PluginManage : Loaded plugins [18]
2026-01-21 11:09:34,448 DEBUG [LineInfo_to_exitCode.log_LineInfo] 2026-01-21 11:09:34,447 [INFO] PinOutPanel:1589 - setPackage(No Configuration,No Configuration)
2026-01-21 11:09:34,560 DEBUG [LineInfo_to_exitCode.log_LineInfo] 2026-01-21 11:09:34,560 [INFO] CADModel:165 - CPN selected for project level
2026-01-21 11:09:34,561 DEBUG [LineInfo_to_exitCode.log_LineInfo] 2026-01-21 11:09:34,560 [INFO] CADModel:114 - Register for checkConnection events
2026-01-21 11:09:34,577 DEBUG [LineInfo_to_exitCode.log_LineInfo] 2026-01-21 11:09:34,577 [INFO] IPUIPlugin:80 - create IPUIPlugin
2026-01-21 11:09:34,578 DEBUG [LineInfo_to_exitCode.log_LineInfo] 2026-01-21 11:09:34,577 [INFO] PluginManager:220 - loadIPPluginJar : add adc
2026-01-21 11:09:34,581 DEBUG [LineInfo_to_exitCode.log_LineInfo] 2026-01-21 11:09:34,580 [INFO] IPUIPlugin:80 - create IPUIPlugin
2026-01-21 11:09:34,581 DEBUG [LineInfo_to_exitCode.log_LineInfo] 2026-01-21 11:09:34,581 [INFO] PluginManager:220 - loadIPPluginJar : add aes
2026-01-21 11:09:34,585 DEBUG [LineInfo_to_exitCode.log_LineInfo] 2026-01-21 11:09:34,584 [INFO] IPUIPlugin:80 - create IPUIPlugin
2026-01-21 11:09:34,585 DEBUG [LineInfo_to_exitCode.log_LineInfo] 2026-01-21 11:09:34,584 [INFO] PluginManager:220 - loadIPPluginJar : add can
2026-01-21 11:09:34,587 DEBUG [LineInfo_to_exitCode.log_LineInfo] 2026-01-21 11:09:34,587 [INFO] IPUIPlugin:80 - create IPUIPlugin
2026-01-21 11:09:34,588 DEBUG [LineInfo_to_exitCode.log_LineInfo] 2026-01-21 11:09:34,587 [INFO] PluginManager:220 - loadIPPluginJar : add comp
2026-01-21 11:09:34,591 DEBUG [LineInfo_to_exitCode.log_LineInfo] 2026-01-21 11:09:34,590 [INFO] IPUIPlugin:80 - create IPUIPlugin
2026-01-21 11:09:34,591 DEBUG [LineInfo_to_exitCode.log_LineInfo] 2026-01-21 11:09:34,591 [INFO] PluginManager:220 - loadIPPluginJar : add cryp
2026-01-21 11:09:34,597 DEBUG [LineInfo_to_exitCode.log_LineInfo] 2026-01-21 11:09:34,596 [INFO] IPUIPlugin:80 - create IPUIPlugin
2026-01-21 11:09:34,597 DEBUG [LineInfo_to_exitCode.log_LineInfo] 2026-01-21 11:09:34,597 [INFO] PluginManager:220 - loadIPPluginJar : add ddr_ctrl_phy
2026-01-21 11:09:34,600 DEBUG [LineInfo_to_exitCode.log_LineInfo] 2026-01-21 11:09:34,599 [INFO] IPUIPlugin:80 - create IPUIPlugin
2026-01-21 11:09:34,600 DEBUG [LineInfo_to_exitCode.log_LineInfo] 2026-01-21 11:09:34,600 [INFO] PluginManager:220 - loadIPPluginJar : add dfsdm
2026-01-21 11:09:34,606 DEBUG [LineInfo_to_exitCode.log_LineInfo] 2026-01-21 11:09:34,606 [INFO] IPUIPlugin:80 - create IPUIPlugin
2026-01-21 11:09:34,607 DEBUG [LineInfo_to_exitCode.log_LineInfo] 2026-01-21 11:09:34,607 [INFO] PluginManager:220 - loadIPPluginJar : add dma
2026-01-21 11:09:34,610 DEBUG [LineInfo_to_exitCode.log_LineInfo] 2026-01-21 11:09:34,610 [INFO] IPUIPlugin:80 - create IPUIPlugin
2026-01-21 11:09:34,610 DEBUG [LineInfo_to_exitCode.log_LineInfo] 2026-01-21 11:09:34,610 [INFO] PluginManager:220 - loadIPPluginJar : add dma3
2026-01-21 11:09:34,613 DEBUG [LineInfo_to_exitCode.log_LineInfo] 2026-01-21 11:09:34,613 [INFO] IPUIPlugin:80 - create IPUIPlugin
2026-01-21 11:09:34,614 DEBUG [LineInfo_to_exitCode.log_LineInfo] 2026-01-21 11:09:34,613 [INFO] PluginManager:220 - loadIPPluginJar : add extmemmanager
2026-01-21 11:09:34,616 DEBUG [LineInfo_to_exitCode.log_LineInfo] 2026-01-21 11:09:34,616 [INFO] IPUIPlugin:80 - create IPUIPlugin
2026-01-21 11:09:34,616 DEBUG [LineInfo_to_exitCode.log_LineInfo] 2026-01-21 11:09:34,616 [INFO] PluginManager:220 - loadIPPluginJar : add fatfs
2026-01-21 11:09:34,621 DEBUG [LineInfo_to_exitCode.log_LineInfo] 2026-01-21 11:09:34,621 [INFO] IPUIPlugin:80 - create IPUIPlugin
2026-01-21 11:09:34,622 DEBUG [LineInfo_to_exitCode.log_LineInfo] 2026-01-21 11:09:34,621 [INFO] PluginManager:220 - loadIPPluginJar : add fmc
2026-01-21 11:09:34,629 DEBUG [LineInfo_to_exitCode.log_LineInfo] 2026-01-21 11:09:34,629 [INFO] IPUIPlugin:80 - create IPUIPlugin
2026-01-21 11:09:34,629 DEBUG [LineInfo_to_exitCode.log_LineInfo] 2026-01-21 11:09:34,629 [INFO] PluginManager:220 - loadIPPluginJar : add freertos
2026-01-21 11:09:34,631 DEBUG [LineInfo_to_exitCode.log_LineInfo] 2026-01-21 11:09:34,631 [INFO] IPUIPlugin:80 - create IPUIPlugin
2026-01-21 11:09:34,631 DEBUG [LineInfo_to_exitCode.log_LineInfo] 2026-01-21 11:09:34,631 [INFO] PluginManager:220 - loadIPPluginJar : add genericplugin
2026-01-21 11:09:34,634 DEBUG [LineInfo_to_exitCode.log_LineInfo] 2026-01-21 11:09:34,634 [INFO] IPUIPlugin:80 - create IPUIPlugin
2026-01-21 11:09:34,634 DEBUG [LineInfo_to_exitCode.log_LineInfo] 2026-01-21 11:09:34,634 [INFO] PluginManager:220 - loadIPPluginJar : add gfxmmu
2026-01-21 11:09:34,639 DEBUG [LineInfo_to_exitCode.log_LineInfo] 2026-01-21 11:09:34,639 [INFO] IPUIPlugin:80 - create IPUIPlugin
2026-01-21 11:09:34,639 DEBUG [LineInfo_to_exitCode.log_LineInfo] 2026-01-21 11:09:34,639 [INFO] PluginManager:220 - loadIPPluginJar : add gic
2026-01-21 11:09:34,643 DEBUG [LineInfo_to_exitCode.log_LineInfo] 2026-01-21 11:09:34,643 [INFO] IPUIPlugin:80 - create IPUIPlugin
2026-01-21 11:09:34,644 DEBUG [LineInfo_to_exitCode.log_LineInfo] 2026-01-21 11:09:34,643 [INFO] PluginManager:220 - loadIPPluginJar : add gpio
2026-01-21 11:09:34,647 DEBUG [LineInfo_to_exitCode.log_LineInfo] 2026-01-21 11:09:34,646 [INFO] IPUIPlugin:80 - create IPUIPlugin
2026-01-21 11:09:34,647 DEBUG [LineInfo_to_exitCode.log_LineInfo] 2026-01-21 11:09:34,647 [INFO] PluginManager:220 - loadIPPluginJar : add gtzc
2026-01-21 11:09:34,649 DEBUG [LineInfo_to_exitCode.log_LineInfo] 2026-01-21 11:09:34,649 [INFO] IPUIPlugin:80 - create IPUIPlugin
2026-01-21 11:09:34,649 DEBUG [LineInfo_to_exitCode.log_LineInfo] 2026-01-21 11:09:34,649 [INFO] PluginManager:220 - loadIPPluginJar : add hash
2026-01-21 11:09:34,653 DEBUG [LineInfo_to_exitCode.log_LineInfo] 2026-01-21 11:09:34,652 [INFO] IPUIPlugin:80 - create IPUIPlugin
2026-01-21 11:09:34,653 DEBUG [LineInfo_to_exitCode.log_LineInfo] 2026-01-21 11:09:34,652 [INFO] PluginManager:220 - loadIPPluginJar : add i2c
2026-01-21 11:09:34,656 DEBUG [LineInfo_to_exitCode.log_LineInfo] 2026-01-21 11:09:34,656 [INFO] IPUIPlugin:80 - create IPUIPlugin
2026-01-21 11:09:34,657 DEBUG [LineInfo_to_exitCode.log_LineInfo] 2026-01-21 11:09:34,656 [INFO] PluginManager:220 - loadIPPluginJar : add i2s
2026-01-21 11:09:34,659 DEBUG [LineInfo_to_exitCode.log_LineInfo] 2026-01-21 11:09:34,659 [INFO] IPUIPlugin:80 - create IPUIPlugin
2026-01-21 11:09:34,660 DEBUG [LineInfo_to_exitCode.log_LineInfo] 2026-01-21 11:09:34,659 [INFO] PluginManager:220 - loadIPPluginJar : add i3c
2026-01-21 11:09:34,663 DEBUG [LineInfo_to_exitCode.log_LineInfo] 2026-01-21 11:09:34,663 [INFO] IPUIPlugin:80 - create IPUIPlugin
2026-01-21 11:09:34,663 DEBUG [LineInfo_to_exitCode.log_LineInfo] 2026-01-21 11:09:34,663 [INFO] PluginManager:220 - loadIPPluginJar : add ipddr
2026-01-21 11:09:34,672 DEBUG [LineInfo_to_exitCode.log_LineInfo] 2026-01-21 11:09:34,672 [INFO] IPUIPlugin:80 - create IPUIPlugin
2026-01-21 11:09:34,673 DEBUG [LineInfo_to_exitCode.log_LineInfo] 2026-01-21 11:09:34,672 [INFO] PluginManager:220 - loadIPPluginJar : add linkedlist
2026-01-21 11:09:34,676 DEBUG [LineInfo_to_exitCode.log_LineInfo] 2026-01-21 11:09:34,675 [INFO] IPUIPlugin:80 - create IPUIPlugin
2026-01-21 11:09:34,676 DEBUG [LineInfo_to_exitCode.log_LineInfo] 2026-01-21 11:09:34,676 [INFO] PluginManager:220 - loadIPPluginJar : add lorawan
2026-01-21 11:09:34,678 DEBUG [LineInfo_to_exitCode.log_LineInfo] 2026-01-21 11:09:34,678 [INFO] IPUIPlugin:80 - create IPUIPlugin
2026-01-21 11:09:34,678 DEBUG [LineInfo_to_exitCode.log_LineInfo] 2026-01-21 11:09:34,678 [INFO] PluginManager:220 - loadIPPluginJar : add ltdc
2026-01-21 11:09:34,684 DEBUG [LineInfo_to_exitCode.log_LineInfo] 2026-01-21 11:09:34,684 [INFO] IPUIPlugin:80 - create IPUIPlugin
2026-01-21 11:09:34,684 DEBUG [LineInfo_to_exitCode.log_LineInfo] 2026-01-21 11:09:34,684 [INFO] PluginManager:220 - loadIPPluginJar : add mdma
2026-01-21 11:09:34,690 DEBUG [LineInfo_to_exitCode.log_LineInfo] 2026-01-21 11:09:34,689 [INFO] IPUIPlugin:80 - create IPUIPlugin
2026-01-21 11:09:34,690 DEBUG [LineInfo_to_exitCode.log_LineInfo] 2026-01-21 11:09:34,689 [INFO] PluginManager:220 - loadIPPluginJar : add nvic
2026-01-21 11:09:34,693 DEBUG [LineInfo_to_exitCode.log_LineInfo] 2026-01-21 11:09:34,693 [INFO] IPUIPlugin:80 - create IPUIPlugin
2026-01-21 11:09:34,693 DEBUG [LineInfo_to_exitCode.log_LineInfo] 2026-01-21 11:09:34,693 [INFO] PluginManager:220 - loadIPPluginJar : add opamp
2026-01-21 11:09:34,696 DEBUG [LineInfo_to_exitCode.log_LineInfo] 2026-01-21 11:09:34,696 [INFO] IPUIPlugin:80 - create IPUIPlugin
2026-01-21 11:09:34,696 DEBUG [LineInfo_to_exitCode.log_LineInfo] 2026-01-21 11:09:34,696 [INFO] PluginManager:220 - loadIPPluginJar : add openamp
2026-01-21 11:09:34,699 DEBUG [LineInfo_to_exitCode.log_LineInfo] 2026-01-21 11:09:34,699 [INFO] IPUIPlugin:80 - create IPUIPlugin
2026-01-21 11:09:34,699 DEBUG [LineInfo_to_exitCode.log_LineInfo] 2026-01-21 11:09:34,699 [INFO] PluginManager:220 - loadIPPluginJar : add pdm2pcm
2026-01-21 11:09:34,705 DEBUG [LineInfo_to_exitCode.log_LineInfo] 2026-01-21 11:09:34,705 [INFO] IPUIPlugin:80 - create IPUIPlugin
2026-01-21 11:09:34,707 DEBUG [LineInfo_to_exitCode.log_LineInfo] 2026-01-21 11:09:34,707 [INFO] PluginManager:220 - loadIPPluginJar : add plateformsettings
2026-01-21 11:09:34,709 DEBUG [LineInfo_to_exitCode.log_LineInfo] 2026-01-21 11:09:34,708 [INFO] IPUIPlugin:80 - create IPUIPlugin
2026-01-21 11:09:34,709 DEBUG [LineInfo_to_exitCode.log_LineInfo] 2026-01-21 11:09:34,709 [INFO] PluginManager:220 - loadIPPluginJar : add quadspi
2026-01-21 11:09:34,711 DEBUG [LineInfo_to_exitCode.log_LineInfo] 2026-01-21 11:09:34,710 [INFO] IPUIPlugin:80 - create IPUIPlugin
2026-01-21 11:09:34,711 DEBUG [LineInfo_to_exitCode.log_LineInfo] 2026-01-21 11:09:34,711 [INFO] PluginManager:220 - loadIPPluginJar : add radio
2026-01-21 11:09:34,717 DEBUG [LineInfo_to_exitCode.log_LineInfo] 2026-01-21 11:09:34,717 [INFO] IPUIPlugin:80 - create IPUIPlugin
2026-01-21 11:09:34,717 DEBUG [LineInfo_to_exitCode.log_LineInfo] 2026-01-21 11:09:34,717 [INFO] PluginManager:220 - loadIPPluginJar : add resmgrutility
2026-01-21 11:09:34,720 DEBUG [LineInfo_to_exitCode.log_LineInfo] 2026-01-21 11:09:34,720 [INFO] IPUIPlugin:80 - create IPUIPlugin
2026-01-21 11:09:34,721 DEBUG [LineInfo_to_exitCode.log_LineInfo] 2026-01-21 11:09:34,720 [INFO] PluginManager:220 - loadIPPluginJar : add sai
2026-01-21 11:09:34,723 DEBUG [LineInfo_to_exitCode.log_LineInfo] 2026-01-21 11:09:34,723 [INFO] IPUIPlugin:80 - create IPUIPlugin
2026-01-21 11:09:34,723 DEBUG [LineInfo_to_exitCode.log_LineInfo] 2026-01-21 11:09:34,723 [INFO] PluginManager:220 - loadIPPluginJar : add spi
2026-01-21 11:09:34,729 DEBUG [LineInfo_to_exitCode.log_LineInfo] 2026-01-21 11:09:34,729 [INFO] IPUIPlugin:80 - create IPUIPlugin
2026-01-21 11:09:34,729 DEBUG [LineInfo_to_exitCode.log_LineInfo] 2026-01-21 11:09:34,729 [INFO] PluginManager:220 - loadIPPluginJar : add stm32_wpan
2026-01-21 11:09:34,731 DEBUG [LineInfo_to_exitCode.log_LineInfo] 2026-01-21 11:09:34,731 [INFO] IPUIPlugin:80 - create IPUIPlugin
2026-01-21 11:09:34,732 DEBUG [LineInfo_to_exitCode.log_LineInfo] 2026-01-21 11:09:34,731 [INFO] PluginManager:220 - loadIPPluginJar : add tim
2026-01-21 11:09:34,735 DEBUG [LineInfo_to_exitCode.log_LineInfo] 2026-01-21 11:09:34,734 [INFO] IPUIPlugin:80 - create IPUIPlugin
2026-01-21 11:09:34,735 DEBUG [LineInfo_to_exitCode.log_LineInfo] 2026-01-21 11:09:34,735 [INFO] PluginManager:220 - loadIPPluginJar : add touchsensing
2026-01-21 11:09:34,737 DEBUG [LineInfo_to_exitCode.log_LineInfo] 2026-01-21 11:09:34,737 [INFO] IPUIPlugin:80 - create IPUIPlugin
2026-01-21 11:09:34,738 DEBUG [LineInfo_to_exitCode.log_LineInfo] 2026-01-21 11:09:34,737 [INFO] PluginManager:220 - loadIPPluginJar : add tracer_emb
2026-01-21 11:09:34,739 DEBUG [LineInfo_to_exitCode.log_LineInfo] 2026-01-21 11:09:34,739 [INFO] IPUIPlugin:80 - create IPUIPlugin
2026-01-21 11:09:34,740 DEBUG [LineInfo_to_exitCode.log_LineInfo] 2026-01-21 11:09:34,739 [INFO] PluginManager:220 - loadIPPluginJar : add ts
2026-01-21 11:09:34,743 DEBUG [LineInfo_to_exitCode.log_LineInfo] 2026-01-21 11:09:34,742 [INFO] IPUIPlugin:80 - create IPUIPlugin
2026-01-21 11:09:34,743 DEBUG [LineInfo_to_exitCode.log_LineInfo] 2026-01-21 11:09:34,743 [INFO] PluginManager:220 - loadIPPluginJar : add tsc
2026-01-21 11:09:34,745 DEBUG [LineInfo_to_exitCode.log_LineInfo] 2026-01-21 11:09:34,745 [INFO] IPUIPlugin:80 - create IPUIPlugin
2026-01-21 11:09:34,745 DEBUG [LineInfo_to_exitCode.log_LineInfo] 2026-01-21 11:09:34,745 [INFO] PluginManager:220 - loadIPPluginJar : add ucpd
2026-01-21 11:09:34,748 DEBUG [LineInfo_to_exitCode.log_LineInfo] 2026-01-21 11:09:34,748 [INFO] IPUIPlugin:80 - create IPUIPlugin
2026-01-21 11:09:34,748 DEBUG [LineInfo_to_exitCode.log_LineInfo] 2026-01-21 11:09:34,748 [INFO] PluginManager:220 - loadIPPluginJar : add usart
2026-01-21 11:09:34,751 DEBUG [LineInfo_to_exitCode.log_LineInfo] 2026-01-21 11:09:34,751 [INFO] IPUIPlugin:80 - create IPUIPlugin
2026-01-21 11:09:34,751 DEBUG [LineInfo_to_exitCode.log_LineInfo] 2026-01-21 11:09:34,751 [INFO] PluginManager:220 - loadIPPluginJar : add usbx
2026-01-21 11:09:34,773 DEBUG [LineInfo_to_exitCode.log_LineInfo] 2026-01-21 11:09:34,773 [INFO] Updater:1134 - Updater Version found : 6.15.0
2026-01-21 11:09:34,792 DEBUG [LineInfo_to_exitCode.log_LineInfo] 2026-01-21 11:09:34,791 [INFO] ApplicationProperties:184 - Using Application install path: C:\Users\User\AppData\Local\Programs\STM32CubeMX
2026-01-21 11:09:36,366 ERROR [LineInfo_to_exitCode.log_LineInfo] Jan 21, 2026 11:09:36 AM java.util.prefs.WindowsPreferences <init>
2026-01-21 11:09:36,368 DEBUG [LineInfo_to_exitCode.log_LineInfo] mx [ERROR] stderr - WARNING: Could not open/create prefs root node Software\JavaSoft\Prefs at root 0xffffffff80000002. Windows RegCreateKeyEx(...) returned error code 5.
2026-01-21 11:09:36,517 DEBUG [LineInfo_to_exitCode.log_LineInfo] 2026-01-21 11:09:36,516 [INFO] MainUpdater:2872 - connection check result : 10
2026-01-21 11:09:36,517 DEBUG [LineInfo_to_exitCode.log_LineInfo] 2026-01-21 11:09:36,517 [INFO] MainUpdater:289 - Updater Check For Update Now.
2026-01-21 11:09:36,518 DEBUG [LineInfo_to_exitCode.log_LineInfo] 2026-01-21 11:09:36,517 [INFO] MicroXplorer:498 - Change Database Version : DB.6.0.150
2026-01-21 11:09:36,687 DEBUG [LineInfo_to_exitCode.log_LineInfo] 2026-01-21 11:09:36,687 [INFO] RulesReader:64 - Compatibility file has been processed (317 Rules)
2026-01-21 11:09:36,698 DEBUG [LineInfo_to_exitCode.log_LineInfo] 2026-01-21 11:09:36,697 [INFO] RulesReader:64 - Compatibility file has been processed (317 Rules)
2026-01-21 11:09:36,706 DEBUG [LineInfo_to_exitCode.log_LineInfo] 2026-01-21 11:09:36,706 [INFO] CADModel:165 - CPN selected for project level
2026-01-21 11:09:36,707 DEBUG [LineInfo_to_exitCode.log_LineInfo] 2026-01-21 11:09:36,706 [INFO] CADModel:114 - Register for checkConnection events
2026-01-21 11:09:36,767 DEBUG [LineInfo_to_exitCode.log_LineInfo] 2026-01-21 11:09:36,767 [INFO] CheckServerUpdateThread:120 - End of CheckServer Thread
2026-01-21 11:09:36,887 DEBUG [LineInfo_to_exitCode.log_LineInfo] 2026-01-21 11:09:36,887 [INFO] CADModel:165 - CPN selected for project level
2026-01-21 11:09:36,888 DEBUG [LineInfo_to_exitCode.log_LineInfo] 2026-01-21 11:09:36,887 [INFO] CADModel:114 - Register for checkConnection events
2026-01-21 11:09:36,962 DEBUG [LineInfo_to_exitCode.log_LineInfo] 2026-01-21 11:09:36,962 [INFO] HomeAdPanel:106 - Auto-refresh data requested => check proxy status ongoing
2026-01-21 11:09:36,993 DEBUG [LineInfo_to_exitCode.log_LineInfo] 2026-01-21 11:09:36,993 [INFO] ThirdPartyUpdaterWithRetryManager:96 - Updater plugin is busy. [1/15]
2026-01-21 11:09:38,125 DEBUG [LineInfo_to_exitCode.log_LineInfo] 2026-01-21 11:09:38,124 [INFO] ServerAccessManage:452 - Complete download http(s) 200
2026-01-21 11:09:38,125 DEBUG [LineInfo_to_exitCode.log_LineInfo] 2026-01-21 11:09:38,125 [INFO] ServerAccessManage:509 - Download File 
2026-01-21 11:09:38,129 DEBUG [LineInfo_to_exitCode.log_LineInfo] 2026-01-21 11:09:38,128 [INFO] LoadUrlFilesThread:185 - End of LoadServerUrlFiles without Thread
2026-01-21 11:09:38,135 DEBUG [LineInfo_to_exitCode.log_LineInfo] 2026-01-21 11:09:38,135 [INFO] DbMcusAds:53 - JSON generation date=Thu Jan 08 18:56:32 MSK 2026 (1767887792457)
2026-01-21 11:09:38,137 DEBUG [LineInfo_to_exitCode.log_LineInfo] 2026-01-21 11:09:38,137 [INFO] LoadUrlFilesThread:185 - End of LoadServerUrlFiles without Thread
2026-01-21 11:09:38,138 DEBUG [LineInfo_to_exitCode.log_LineInfo] 2026-01-21 11:09:38,138 [INFO] HomeAdPanel:117 - Refresh advertisement image is successful
2026-01-21 11:09:38,190 DEBUG [LineInfo_to_exitCode.log_LineInfo] 2026-01-21 11:09:38,189 [INFO] LoadUrlFilesThread:185 - End of LoadServerUrlFiles without Thread
2026-01-21 11:09:38,255 DEBUG [LineInfo_to_exitCode.log_LineInfo] 2026-01-21 11:09:38,254 [INFO] DetailPanel:341 - Set advertising image to C:/Users/User/STM32Cube/Repository/\en.prom-stm32mp21-0126.png
2026-01-21 11:09:38,831 DEBUG [LineInfo_to_exitCode.log_LineInfo] 2026-01-21 11:09:38,831 [INFO] LoadUrlFilesThread:185 - End of LoadServerUrlFiles without Thread
2026-01-21 11:09:39,157 DEBUG [LineInfo_to_exitCode.log_LineInfo] 2026-01-21 11:09:39,157 [INFO] LoadUrlFilesThread:185 - End of LoadServerUrlFiles without Thread
2026-01-21 11:09:39,157 DEBUG [LineInfo_to_exitCode.log_LineInfo] 2026-01-21 11:09:39,157 [INFO] DetailPanel:341 - Set advertising image to C:/Users/User/STM32Cube/Repository/\en.prom-stm32mp21-0126.png
2026-01-21 11:09:39,530 DEBUG [LineInfo_to_exitCode.log_LineInfo] 2026-01-21 11:09:39,530 [INFO] ServerAccessManage:452 - Complete download http(s) 200
2026-01-21 11:09:39,530 DEBUG [LineInfo_to_exitCode.log_LineInfo] 2026-01-21 11:09:39,530 [INFO] ServerAccessManage:509 - Download File 
2026-01-21 11:09:39,532 DEBUG [LineInfo_to_exitCode.log_LineInfo] 2026-01-21 11:09:39,532 [INFO] LoadUrlFilesThread:185 - End of LoadServerUrlFiles without Thread
2026-01-21 11:09:39,532 DEBUG [LineInfo_to_exitCode.log_LineInfo] 2026-01-21 11:09:39,532 [INFO] ComparatorMD5DB:85 - Refresh file md5.xml
2026-01-21 11:09:39,930 DEBUG [LineInfo_to_exitCode.log_LineInfo] 2026-01-21 11:09:39,930 [INFO] MainFrame:202 - [MX] HOME_PANEL == 1799750921270000
2026-01-21 11:09:39,933 DEBUG [LineInfo_to_exitCode.log_LineInfo] 2026-01-21 11:09:39,933 [INFO] MainFrame:537 - Register for checkConnection events
2026-01-21 11:09:39,934 DEBUG [LineInfo_to_exitCode.log_LineInfo] 2026-01-21 11:09:39,933 [INFO] UserAuth:487 - Internet connection configuration mode: 1
2026-01-21 11:09:39,947 DEBUG [LineInfo_to_exitCode.log_LineInfo] 2026-01-21 11:09:39,947 [INFO] JxBrowserEngine:152 - Initiate JxBrowser Engine with user profile folder
2026-01-21 11:09:40,089 DEBUG [LineInfo_to_exitCode.log_LineInfo] 2026-01-21 11:09:40,088 [INFO] MicroXplorer:468 - Change Database Path : 
2026-01-21 11:09:40,089 DEBUG [LineInfo_to_exitCode.log_LineInfo] 2026-01-21 11:09:40,089 [INFO] MicroXplorer:498 - Change Database Version : DB.6.0.150
2026-01-21 11:09:41,116 DEBUG [LineInfo_to_exitCode.log_LineInfo] 2026-01-21 11:09:41,116 [INFO] ThirdParty:978 - Integrity check success = true
2026-01-21 11:09:41,117 DEBUG [LineInfo_to_exitCode.log_LineInfo] 2026-01-21 11:09:41,116 [INFO] IntegrityCheckThread:100 - exiting critical section [integrity check]
2026-01-21 11:09:41,117 DEBUG [LineInfo_to_exitCode.log_LineInfo] 2026-01-21 11:09:41,116 [INFO] IntegrityCheckThread:103 - End integrity checks thread
2026-01-21 11:09:41,117 DEBUG [LineInfo_to_exitCode.log_LineInfo] 2026-01-21 11:09:41,116 [INFO] ThirdParty:873 - entering critical section [close project]
2026-01-21 11:09:41,118 DEBUG [LineInfo_to_exitCode.log_LineInfo] 2026-01-21 11:09:41,117 [INFO] ThirdParty:883 - exiting critical section [close project]
2026-01-21 11:09:41,120 DEBUG [LineInfo_to_exitCode.log_LineInfo] 2026-01-21 11:09:41,120 [INFO] PinOutPanel:1589 - setPackage(No Configuration,No Configuration)
2026-01-21 11:09:41,148 DEBUG [LineInfo_to_exitCode.log_LineInfo] 2026-01-21 11:09:41,147 [INFO] UtilMem:75 - Begin LoadConfig() Used Memory: 124846968 Bytes (176160768)
2026-01-21 11:09:41,152 DEBUG [LineInfo_to_exitCode.log_LineInfo] 2026-01-21 11:09:41,152 [INFO] MicroXplorer:468 - Change Database Path : 
2026-01-21 11:09:41,153 DEBUG [LineInfo_to_exitCode.log_LineInfo] 2026-01-21 11:09:41,152 [INFO] MicroXplorer:498 - Change Database Version : DB.6.0.150
2026-01-21 11:09:41,153 DEBUG [LineInfo_to_exitCode.log_LineInfo] 2026-01-21 11:09:41,152 [INFO] OpenFileManager:355 - Change cursor
2026-01-21 11:09:41,174 DEBUG [LineInfo_to_exitCode.log_LineInfo] 2026-01-21 11:09:41,174 [INFO] Mcu:2029 - Initializing MCU STM32F303R(D-E)Tx STM32F303RETx 
2026-01-21 11:09:41,422 DEBUG [LineInfo_to_exitCode.log_LineInfo] 2026-01-21 11:09:41,421 [INFO] ApiDb:581 - Connected to CubeFinder SQLite database (C:\Users\User\.stmcufinder\plugins\mcufinder\mcu\cube-finder-db.db)
2026-01-21 11:09:41,579 DEBUG [LineInfo_to_exitCode.log_LineInfo] 2026-01-21 11:09:41,578 [INFO] WebApp:169 - Instantiating new browser for Auth
2026-01-21 11:09:41,839 DEBUG [LineInfo_to_exitCode.log_LineInfo] 2026-01-21 11:09:41,839 [INFO] ApiDb:668 - CubeFinder database Data Model version=2.1
2026-01-21 11:09:41,839 DEBUG [LineInfo_to_exitCode.log_LineInfo] 2026-01-21 11:09:41,839 [INFO] ApiDb:669 - CubeFinder database Configuration version=3.0.39
2026-01-21 11:09:41,840 DEBUG [LineInfo_to_exitCode.log_LineInfo] 2026-01-21 11:09:41,839 [INFO] ApiDb:670 - CubeFinder database generation date=2025-12-22 (1766407740)
2026-01-21 11:09:41,840 DEBUG [LineInfo_to_exitCode.log_LineInfo] 2026-01-21 11:09:41,839 [INFO] ApiDb:671 - CubeFinder database FW Pack versions=[FP-ATR-ASTRA1_V2.0.0, FP-SNS-FLIGHT1_V5.1.0, FP-SNS-MOTENV1_V5.1.0, FP-SNS-MOTENVWB1_V1.4.0, FP-SNS-SMARTAG2_V1.2.0, FP-SNS-STBOX1_V2.1.0, STM32Cube_FW_C0_V1.4.0, STM32Cube_FW_F4_V1.28.3, STM32Cube_FW_F7_V1.17.4, STM32Cube_FW_G0_V1.6.2, STM32Cube_FW_G4_V1.6.1, STM32Cube_FW_H5_V1.5.1, STM32Cube_FW_H7RS_V1.3.0, STM32Cube_FW_H7_V1.12.1, STM32Cube_FW_L0_V1.12.2, STM32Cube_FW_L4_V1.18.1, STM32Cube_FW_L5_V1.6.0, STM32Cube_FW_N6_V1.3.0, STM32Cube_FW_U0_V1.3.0, STM32Cube_FW_U3_V1.2.1, STM32Cube_FW_U5_V1.8.0, STM32Cube_FW_WB0_V1.4.0, STM32Cube_FW_WBA_V1.8.0, STM32Cube_FW_WB_V1.24.0, STM32Cube_FW_WL3_V1.3.0, STM32Cube_FW_WL_V1.4.0, X-CUBE-ALGOBUILD_V1.4.0, X-CUBE-ALS_V1.0.2, X-CUBE-AZRTOS-F4_V1.1.0, X-CUBE-AZRTOS-F7_V1.1.0, X-CUBE-AZRTOS-G0_V1.1.0, X-CUBE-AZRTOS-G4_V2.0.0, X-CUBE-AZRTOS-H7RS_V1.1.0, X-CUBE-AZRTOS-H7_V3.4.0, X-CUBE-AZRTOS-L4_V2.0.0, X-CUBE-AZRTOS-L5_V2.0.0, X-CUBE-AZRTOS-WB_V2.0.0, X-CUBE-AZRTOS-WL_V2.0.0, X-CUBE-BLE1_V7.1.0, X-CUBE-BLE2_V3.3.0, X-CUBE-BLEMGR_V4.1.0, X-CUBE-EEPRMA1_V5.2.0, X-CUBE-FREERTOS_V1.3.1, X-CUBE-GNSS1_V6.0.0, X-CUBE-MEMS1_V12.0.0, X-CUBE-NFC4_V3.0.0, X-CUBE-NFC7_V2.0.0, X-CUBE-SFXS2LP1_V4.0.0, X-CUBE-ST67W61_V1.1.0, X-CUBE-SUBG2_V5.0.0, X-CUBE-TOF1_V3.4.3]
2026-01-21 11:09:42,266 DEBUG [LineInfo_to_exitCode.log_LineInfo] 2026-01-21 11:09:42,266 [INFO] WebApp:463 - Apply proxy settings
2026-01-21 11:09:42,268 DEBUG [LineInfo_to_exitCode.log_LineInfo] 2026-01-21 11:09:42,268 [INFO] WebApp:508 - Chromium authenticates against Manually configured proxy
2026-01-21 11:09:42,276 DEBUG [LineInfo_to_exitCode.log_LineInfo] 2026-01-21 11:09:42,275 [INFO] WebApp:516 - Username used for proxy authentication: stroganov37@gmail.com
2026-01-21 11:09:42,309 DEBUG [LineInfo_to_exitCode.log_LineInfo] 2026-01-21 11:09:42,309 [INFO] WebApp:900 - Register for checkConnection events
2026-01-21 11:09:42,310 DEBUG [LineInfo_to_exitCode.log_LineInfo] 2026-01-21 11:09:42,309 [INFO] WebApp:463 - Apply proxy settings
2026-01-21 11:09:42,310 DEBUG [LineInfo_to_exitCode.log_LineInfo] 2026-01-21 11:09:42,310 [INFO] WebApp:508 - Chromium authenticates against Manually configured proxy
2026-01-21 11:09:42,310 DEBUG [LineInfo_to_exitCode.log_LineInfo] 2026-01-21 11:09:42,310 [INFO] WebApp:516 - Username used for proxy authentication: stroganov37@gmail.com
2026-01-21 11:09:42,465 DEBUG [LineInfo_to_exitCode.log_LineInfo] 2026-01-21 11:09:42,464 [INFO] WebApp:225 - Starting web application
2026-01-21 11:09:42,465 DEBUG [LineInfo_to_exitCode.log_LineInfo] 2026-01-21 11:09:42,465 [INFO] WebApp:593 - Web application path used jar:file:/C:/Users/User/AppData/Local/Programs/STM32CubeMX/STM32CubeMX.exe!/db/plugins/mcufinder/reactClient1/index.html
2026-01-21 11:09:42,749 DEBUG [LineInfo_to_exitCode.log_LineInfo] 2026-01-21 11:09:42,749 [INFO] WebApp:191 - Connection restablished
2026-01-21 11:09:47,374 DEBUG [LineInfo_to_exitCode.log_LineInfo] 2026-01-21 11:09:47,374 [INFO] ApiDb:240 - Found 880 in-development CPN: [B-G473E-ZEST1S, B-WB1M-WPAN1, B-WBA5M-WPAN, B-WL5M-SUBG1, NUCLEO-C031C6, NUCLEO-C051C8, NUCLEO-C071RB, NUCLEO-C092RC, NUCLEO-H503RB, NUCLEO-H533RE, NUCLEO-H563ZI, NUCLEO-H7S3L8, NUCLEO-N657X0-Q, NUCLEO-U031R8, NUCLEO-U083RC, NUCLEO-U385RG-Q, NUCLEO-U545RE-Q, NUCLEO-U5A5ZJ-Q, NUCLEO-WB05KZ, NUCLEO-WB07CC, NUCLEO-WB09KE, NUCLEO-WBA52CG, NUCLEO-WBA55CG, NUCLEO-WL33CC1, NUCLEO-WL33CC2, STEVAL-PROTEUS1, STEVAL-SMARTAG2, STEVAL-STWINBX1, STM320518-EVAL, STM32C0116-DK, STM32C011D6Y3TR, STM32C011D6Y6TR, STM32C011F4P3, STM32C011F4P6, STM32C011F4U3, STM32C011F4U6TR, STM32C011F6P3, STM32C011F6P6, STM32C011F6U3, STM32C011F6U6TR, STM32C011J4M3, STM32C011J4M6, STM32C011J6M3, STM32C011J6M6, STM32C0316-DK, STM32C031C4T3, STM32C031C4T6, STM32C031C4U3, STM32C031C4U6, STM32C031C6T3, STM32C031C6T6, STM32C031C6U3, STM32C031C6U6, STM32C031F4P3, STM32C031F4P6, STM32C031F6P3, STM32C031F6P6, STM32C031G4U3, STM32C031G4U6, STM32C031G6U3, STM32C031G6U6, STM32C031K4T3, STM32C031K4T6, STM32C031K4U3, STM32C031K4U6, STM32C031K6T3, STM32C031K6T6, STM32C031K6U3, STM32C031K6U6, STM32C051C6T6, STM32C051C6U6, STM32C051C8T6, STM32C051C8U6, STM32C051D8Y6TR, STM32C051F6P6, STM32C051F8P6, STM32C051G6U6, STM32C051G8U6, STM32C051K6T6, STM32C051K6U6, STM32C051K8T6, STM32C071C8T6, STM32C071C8T6N, STM32C071C8U6, STM32C071C8U6N, STM32C071CBT6, STM32C071CBT6N, STM32C071CBU6, STM32C071CBU6N, STM32C071F8P6, STM32C071F8P6N, STM32C071FBP6, STM32C071FBP6N, STM32C071FBY6TR, STM32C071G8U6, STM32C071G8U6N, STM32C071GBU6, STM32C071GBU6N, STM32C071K8T6, STM32C071K8T6N, STM32C071K8U6, STM32C071K8U6N, STM32C071KBT6, STM32C071KBT6N, STM32C071KBU6, STM32C071KBU6N, STM32C071R8T6, STM32C071R8T6N, STM32C071RBI6N, STM32C071RBT6, STM32C071RBT6N, STM32C091CBT6, STM32C091CBU6, STM32C091CCT6, STM32C091CCU6, STM32C091ECY6TR, STM32C091FBP6, STM32C091FCP6, STM32C091GBU6, STM32C091GCU6, STM32C091KBT6, STM32C091KBU6, STM32C091KCT6, STM32C091KCU6, STM32C091RBT6, STM32C091RCI6, STM32C091RCT6, STM32C092CBT6, STM32C092CBU6, STM32C092CCT6, STM32C092CCU6, STM32C092ECY6TR, STM32C092FBP6, STM32C092FCP6, STM32C092GBU6, STM32C092GCU6, STM32C092KBT6, STM32C092KBU6, STM32C092KCT6, STM32C092KCU6, STM32C092RBT6, STM32C092RCI6, STM32C092RCT6, STM32G071K8TXN, STM32G071K8UXN, STM32G081GBU6N, STM32G081KBT6N, STM32G081KBUXN, STM32G0B1CCT6N, STM32G0B1KCT6, STM32G0B1NEY6TR, STM32G0B1RCT6N, STM32G0C1CCT6, STM32G0C1CCT6N, STM32G0C1CCU6N, STM32G0C1CET6N, STM32G0C1CEU6N, STM32G0C1KCT6, STM32G0C1NEY6TR, STM32G0C1RCI6N, STM32G0C1RCT6N, STM32G0C1REI6N, STM32G0C1RET6N, STM32G0C1VCI6, STM32G0C1VEI6, STM32G411C6T3, STM32G411C6T6, STM32G411C6U3, STM32G411C6U6, STM32G411C8T3, STM32G411C8T6, STM32G411C8U3, STM32G411C8U6, STM32G411CBT3, STM32G411CBT6, STM32G411CBU3, STM32G411CBU6, STM32G411K6T3, STM32G411K6T6, STM32G411K6U3, STM32G411K6U6, STM32G411K8T3, STM32G411K8T6, STM32G411K8U3, STM32G411K8U6, STM32G411KBT3, STM32G411KBT6, STM32G411KBU3, STM32G411KBU6, STM32G411M6T3, STM32G411M6T6, STM32G411M8T3, STM32G411M8T6, STM32G411MBT3, STM32G411MBT6, STM32G411R6T3, STM32G411R6T6, STM32G411R8T3, STM32G411R8T6, STM32G411RBT3, STM32G411RBT6, STM32G414CBT3, STM32G414CBT6, STM32G414CBU3, STM32G414CBU6, STM32G414CCT3, STM32G414CCT6, STM32G414CCU3, STM32G414CCU6, STM32G414MBT3, STM32G414MBT6, STM32G414MCT3, STM32G414MCT6, STM32G414RBT3, STM32G414RBT6, STM32G414RCT3, STM32G414RCT6, STM32G414VBT3, STM32G414VBT6, STM32G414VCT3, STM32G414VCT6, STM32G431CBT3Z, STM32G431RBT3Z, STM32G471CCT6, STM32G471CCU6, STM32G471CET3, STM32G471CET6, STM32G471CEU3, STM32G471CEU6, STM32G471MCT6, STM32G471MET3, STM32G471MET6, STM32G471MEY6TR, STM32G471QCT6, STM32G471QET3, STM32G471RCT6, STM32G471RET3, STM32G471RET6, STM32G471VCH6, STM32G471VCI6, STM32G471VCT6, STM32G471VEH3, STM32G471VEH6, STM32G471VEI3, STM32G471VEI6, STM32G471VET3, STM32G471VET6, STM32G473QET3Z, STM32G473RET3Z, STM32G474CCT6, STM32G491RET3Z, STM32H503CBT6, STM32H503CBU6, STM32H503EBY6TR, STM32H503KBU6, STM32H503RBT6, STM32H523CCT6, STM32H523CCU6, STM32H523CET6, STM32H523CEU6, STM32H523HEY6TR, STM32H523RCT6, STM32H523RET6, STM32H523VCI6, STM32H523VCT6, STM32H523VEI6, STM32H523VET6, STM32H523ZCJ6, STM32H523ZCT6, STM32H523ZEJ6, STM32H523ZET6, STM32H533CET6, STM32H533CEU6, STM32H533HEY6TR, STM32H533RET6, STM32H533VEI6, STM32H533VET6, STM32H533ZEJ6, STM32H533ZET6, STM32H562AGI6, STM32H562AII6, STM32H562IGK6, STM32H562IGT6, STM32H562IIK6, STM32H562IIT6, STM32H562RGT6, STM32H562RGV6, STM32H562RIT6, STM32H562RIV6, STM32H562VGT6, STM32H562VIT6, STM32H562ZGT6, STM32H562ZIT6, STM32H563AGI6, STM32H563AII3Q, STM32H563AII6, STM32H563IGK6, STM32H563IGT6, STM32H563IIK3Q, STM32H563IIK6, STM32H563IIT3Q, STM32H563IIT6, STM32H563MIY3QTR, STM32H563RGT6, STM32H563RGV6, STM32H563RIT6, STM32H563RIV6, STM32H563VGT6, STM32H563VIT3Q, STM32H563VIT6, STM32H563ZGT6, STM32H563ZIT3Q, STM32H563ZIT6, STM32H573AII3Q, STM32H573AII6, STM32H573I-DK, STM32H573IIK3Q, STM32H573IIK6, STM32H573IIT3Q, STM32H573IIT6, STM32H573MIY3QTR, STM32H573RIT6, STM32H573RIV6, STM32H573VIT3Q, STM32H573VIT6, STM32H573ZIT3Q, STM32H573ZIT6, STM32H7R3A8I6, STM32H7R3I8K6, STM32H7R3I8T6, STM32H7R3L8H6, STM32H7R3L8H6H, STM32H7R3R8V6, STM32H7R3V8H6, STM32H7R3V8T6, STM32H7R3V8Y6TR, STM32H7R3Z8J6, STM32H7R3Z8T6, STM32H7R7A8I6, STM32H7R7I8K6, STM32H7R7I8T6, STM32H7R7L8H6, STM32H7R7L8H6H, STM32H7R7Z8J6, STM32H7S3A8I6, STM32H7S3I8K6, STM32H7S3I8T6, STM32H7S3L8H6, STM32H7S3L8H6H, STM32H7S3R8V6, STM32H7S3V8H6, STM32H7S3V8T6, STM32H7S3V8Y6TR, STM32H7S3Z8J6, STM32H7S3Z8T6, STM32H7S78-DK, STM32H7S7A8I6, STM32H7S7I8K6, STM32H7S7I8T6, STM32H7S7L8H6, STM32H7S7L8H6H, STM32H7S7Z8J6, STM32L4R5QGI6STR, STM32MP131AAE3, STM32MP131AAF3, STM32MP131AAG3, STM32MP131CAE3, STM32MP131CAF3, STM32MP131CAG3, STM32MP131DAE7, STM32MP131DAF7, STM32MP131DAG7, STM32MP131FAE7, STM32MP131FAF7, STM32MP131FAG7, STM32MP133AAE3, STM32MP133AAF3, STM32MP133AAG3, STM32MP133CAE3, STM32MP133CAF3, STM32MP133CAG3, STM32MP133DAE7, STM32MP133DAF7, STM32MP133DAG7, STM32MP133FAE7, STM32MP133FAF7, STM32MP133FAG7, STM32MP135AAE3, STM32MP135AAF3, STM32MP135AAG3, STM32MP135CAE3, STM32MP135CAF3, STM32MP135CAG3, STM32MP135DAE7, STM32MP135DAF7, STM32MP135DAG7, STM32MP135F-DK, STM32MP135FAE7, STM32MP135FAF7, STM32MP135FAF7T, STM32MP135FAF7U, STM32MP135FAG7, STM32MP211AAL3, STM32MP211AAM3, STM32MP211AAN3, STM32MP211AAO3, STM32MP211CAL3, STM32MP211CAM3, STM32MP211CAN3, STM32MP211CAO3, STM32MP211DAL3, STM32MP211DAM3, STM32MP211DAN3, STM32MP211DAO3, STM32MP211FAL3, STM32MP211FAM3, STM32MP211FAN3, STM32MP211FAO3, STM32MP213AAL3, STM32MP213AAM3, STM32MP213AAN3, STM32MP213AAO3, STM32MP213CAL3, STM32MP213CAM3, STM32MP213CAN3, STM32MP213CAO3, STM32MP213DAL3, STM32MP213DAM3, STM32MP213DAN3, STM32MP213DAO3, STM32MP213FAL3, STM32MP213FAM3, STM32MP213FAN3, STM32MP213FAO3, STM32MP215AAL3, STM32MP215AAM3, STM32MP215AAN3, STM32MP215AAO3, STM32MP215CAL3, STM32MP215CAM3, STM32MP215CAN3, STM32MP215CAO3, STM32MP215DAL3, STM32MP215DAM3, STM32MP215DAN3, STM32MP215DAO3, STM32MP215F-DK, STM32MP215FAL3, STM32MP215FAM3, STM32MP215FAN3, STM32MP215FAO3, STM32MP231AAJ3, STM32MP231AAK3, STM32MP231AAL3, STM32MP231CAJ3, STM32MP231CAK3, STM32MP231CAL3, STM32MP231DAJ3, STM32MP231DAK3, STM32MP231DAL3, STM32MP231FAJ3, STM32MP231FAK3, STM32MP231FAL3, STM32MP233AAJ3, STM32MP233AAK3, STM32MP233AAL3, STM32MP233CAJ3, STM32MP233CAK3, STM32MP233CAL3, STM32MP233DAJ3, STM32MP233DAK3, STM32MP233DAL3, STM32MP233FAJ3, STM32MP233FAK3, STM32MP233FAL3, STM32MP235AAJ3, STM32MP235AAK3, STM32MP235AAL3, STM32MP235CAJ3, STM32MP235CAK3, STM32MP235CAL3, STM32MP235DAJ3, STM32MP235DAK3, STM32MP235DAL3, STM32MP235FAJ3, STM32MP235FAK3, STM32MP235FAL3, STM32MP251AAI3, STM32MP251AAK3, STM32MP251AAL3, STM32MP251CAI3, STM32MP251CAK3, STM32MP251CAL3, STM32MP251DAI3, STM32MP251DAK3, STM32MP251DAL3, STM32MP251FAI3, STM32MP251FAK3, STM32MP251FAL3, STM32MP253AAI3, STM32MP253AAK3, STM32MP253AAL3, STM32MP253CAI3, STM32MP253CAK3, STM32MP253CAL3, STM32MP253DAI3, STM32MP253DAK3, STM32MP253DAL3, STM32MP253FAI3, STM32MP253FAK3, STM32MP253FAL3, STM32MP255AAI3, STM32MP255AAK3, STM32MP255AAL3, STM32MP255CAI3, STM32MP255CAK3, STM32MP255CAL3, STM32MP255DAI3, STM32MP255DAK3, STM32MP255DAL3, STM32MP255FAI3, STM32MP255FAK3, STM32MP255FAL3, STM32MP257AAI3, STM32MP257AAK3, STM32MP257AAL3, STM32MP257CAI3, STM32MP257CAK3, STM32MP257CAL3, STM32MP257DAI3, STM32MP257DAK3, STM32MP257DAL3, STM32MP257F-DK, STM32MP257F-EV1, STM32MP257FAI3, STM32MP257FAK3, STM32MP257FAL3, STM32N645A0H3Q, STM32N645B0H3Q, STM32N645I0H3Q, STM32N645L0H3Q, STM32N645X0H3Q, STM32N645Z0H3Q, STM32N647A0H3Q, STM32N647B0H3Q, STM32N647I0H3Q, STM32N647L0H3Q, STM32N647X0H3Q, STM32N647Z0H3Q, STM32N655A0H3Q, STM32N655B0H3Q, STM32N655I0H3Q, STM32N655L0H3Q, STM32N655X0H3Q, STM32N655Z0H3Q, STM32N6570-DK, STM32N657A0H3Q, STM32N657B0H3Q, STM32N657I0H3Q, STM32N657L0H3Q, STM32N657X0H3Q, STM32N657Z0H3Q, STM32U031C6T6, STM32U031C6U6, STM32U031C8T6, STM32U031C8U6, STM32U031F4P6, STM32U031F6P6, STM32U031F8P6, STM32U031G6Y6TR, STM32U031G8Y6TR, STM32U031K4U6, STM32U031K6U6, STM32U031K8U6, STM32U031R6I6, STM32U031R6T6, STM32U031R8I6, STM32U031R8T6, STM32U073C8T6, STM32U073C8U6, STM32U073CBT6, STM32U073CBU6, STM32U073CCT6, STM32U073CCU6, STM32U073H8Y6TR, STM32U073HBY6TR, STM32U073HCY6TR, STM32U073K8U6, STM32U073KBU6, STM32U073KCU6, STM32U073M8I6, STM32U073M8T6, STM32U073MBI6, STM32U073MBT6, STM32U073MCI6, STM32U073MCT6, STM32U073R8I6, STM32U073R8T6, STM32U073RBI6, STM32U073RBT6, STM32U073RCI6, STM32U073RCT6, STM32U083C-DK, STM32U083CCT6, STM32U083CCU6, STM32U083HCY6TR, STM32U083KCU6, STM32U083MCI6, STM32U083MCT6, STM32U083RCI6, STM32U083RCT6, STM32U375CET6, STM32U375CET6Q, STM32U375CEU6, STM32U375CEU6Q, STM32U375CEY6QTR, STM32U375CGT6, STM32U375CGT6Q, STM32U375CGU6, STM32U375CGU6Q, STM32U375CGY6QTR, STM32U375KEU6, STM32U375KGU6, STM32U375REI6, STM32U375REI6Q, STM32U375RET6, STM32U375RET6Q, STM32U375REY6GTR, STM32U375REY6QTR, STM32U375RGI6, STM32U375RGI6Q, STM32U375RGT6, STM32U375RGT6Q, STM32U375RGY6GTR, STM32U375RGY6QTR, STM32U375VEI6, STM32U375VEI6Q, STM32U375VET6, STM32U375VET6Q, STM32U375VGI6, STM32U375VGI6Q, STM32U375VGT6, STM32U375VGT6Q, STM32U385CGT6, STM32U385CGT6Q, STM32U385CGU6, STM32U385CGU6Q, STM32U385CGY6QTR, STM32U385KGU6, STM32U385RGI6, STM32U385RGI6Q, STM32U385RGT6, STM32U385RGT6Q, STM32U385RGY6GTR, STM32U385RGY6QTR, STM32U385VGI6, STM32U385VGI6Q, STM32U385VGT6, STM32U385VGT6Q, STM32U535CBT6, STM32U535CBT6Q, STM32U535CBU6, STM32U535CBU6Q, STM32U535CCT6, STM32U535CCT6Q, STM32U535CCU6, STM32U535CCU6Q, STM32U535CET6, STM32U535CET6Q, STM32U535CEU6, STM32U535CEU6Q, STM32U535JEY6QTR, STM32U535NCY6QTR, STM32U535NEY6QTR, STM32U535RBI6, STM32U535RBI6Q, STM32U535RBT6, STM32U535RBT6Q, STM32U535RCI6, STM32U535RCI6Q, STM32U535RCT6, STM32U535RCT6Q, STM32U535REI6, STM32U535REI6Q, STM32U535RET6, STM32U535RET6Q, STM32U535VCI6, STM32U535VCI6Q, STM32U535VCT6, STM32U535VCT6Q, STM32U535VEI6, STM32U535VEI6Q, STM32U535VET6, STM32U535VET6Q, STM32U545CET6, STM32U545CET6Q, STM32U545CEU6, STM32U545CEU6Q, STM32U545JEY6QTR, STM32U545NEY6QTR, STM32U545REI6, STM32U545REI6Q, STM32U545RET6, STM32U545RET6Q, STM32U545VEI6, STM32U545VEI6Q, STM32U545VET6, STM32U545VET6Q, STM32U595AIH6, STM32U595AIH6Q, STM32U595AJH6, STM32U595AJH6Q, STM32U595QII6, STM32U595QII6Q, STM32U595QJI6, STM32U595QJI6Q, STM32U595RIT6, STM32U595RIT6Q, STM32U595RJT6, STM32U595RJT6Q, STM32U595VIT6, STM32U595VIT6Q, STM32U595VJT6, STM32U595VJT6Q, STM32U595ZIT6, STM32U595ZIT6Q, STM32U595ZIY6QTR, STM32U595ZJT6, STM32U595ZJT6Q, STM32U595ZJY6QTR, STM32U599BJY6QTR, STM32U599NIH6Q, STM32U599NJH6Q, STM32U599VIT6Q, STM32U599VJT6, STM32U599VJT6Q, STM32U599ZIT6Q, STM32U599ZIY6QTR, STM32U599ZJT6Q, STM32U599ZJY6QTR, STM32U5A5AJH6, STM32U5A5AJH6Q, STM32U5A5QII3Q , STM32U5A5QJI6, STM32U5A5QJI6Q, STM32U5A5RJT6, STM32U5A5RJT6Q, STM32U5A5VJT6, STM32U5A5VJT6Q, STM32U5A5ZJT6, STM32U5A5ZJT6Q, STM32U5A5ZJY6QTR, STM32U5A9BJY6QTR, STM32U5A9J-DK, STM32U5A9NJH6Q, STM32U5A9VJT6Q, STM32U5A9ZJT6Q, STM32U5A9ZJY6QTR, STM32U5F7VIT6, STM32U5F7VIT6Q, STM32U5F7VJT6, STM32U5F7VJT6Q, STM32U5F9BJY6QTR, STM32U5F9NJH6Q, STM32U5F9VIT6Q, STM32U5F9VJT6Q, STM32U5F9ZIJ6QTR, STM32U5F9ZIT6Q, STM32U5F9ZJJ6QTR, STM32U5F9ZJT6Q, STM32U5G7VJT6, STM32U5G7VJT6Q, STM32U5G9BJY6QTR, STM32U5G9J-DK1, STM32U5G9J-DK2, STM32U5G9NJH6Q, STM32U5G9VJT6Q, STM32U5G9ZJJ6QTR, STM32U5G9ZJT6Q, STM32WB05KZV6TR, STM32WB05KZV7TR, STM32WB05TZF6TR, STM32WB05TZF7TR, STM32WB06CCF6TR, STM32WB06CCF7TR, STM32WB06CCV6TR, STM32WB06CCV7TR, STM32WB06KCV6TR, STM32WB06KCV7TR, STM32WB07CCF6TR, STM32WB07CCF7TR, STM32WB07CCV6TR, STM32WB07CCV7TR, STM32WB07KCV6TR, STM32WB07KCV7TR, STM32WB09KEV6TR, STM32WB09KEV7TR, STM32WB09TEF6TR, STM32WB09TEF7TR, STM32WB1MMCH6, STM32WBA50KGU6, STM32WBA50KGU6TR, STM32WBA52CEU6, STM32WBA52CEU6TR, STM32WBA52CEU7, STM32WBA52CEU7TR, STM32WBA52CGU6, STM32WBA52CGU6TR, STM32WBA52CGU6U, STM32WBA52CGU7, STM32WBA52CGU7TR, STM32WBA52KEU6, STM32WBA52KEU6TR, STM32WBA52KGU6, STM32WBA52KGU6TR, STM32WBA54CEU6, STM32WBA54CEU6TR, STM32WBA54CEU7, STM32WBA54CEU7TR, STM32WBA54CGU6, STM32WBA54CGU6TR, STM32WBA54CGU7, STM32WBA54CGU7TR, STM32WBA54KEU6, STM32WBA54KEU6TR, STM32WBA54KEU7, STM32WBA54KEU7TR, STM32WBA54KGU6, STM32WBA54KGU6TR, STM32WBA54KGU7, STM32WBA54KGU7TR, STM32WBA55CEU6, STM32WBA55CEU6TR, STM32WBA55CEU7, STM32WBA55CEU7TR, STM32WBA55CGU6, STM32WBA55CGU6TR, STM32WBA55CGU6U, STM32WBA55CGU7, STM32WBA55CGU7TR, STM32WBA55G-DK1, STM32WBA55HEF6, STM32WBA55HEF7, STM32WBA55HGF6, STM32WBA55HGF7, STM32WBA55UEI6, STM32WBA55UEI6TR, STM32WBA55UEI7, STM32WBA55UEI7TR, STM32WBA55UGI6, STM32WBA55UGI6TR, STM32WBA55UGI7, STM32WBA55UGI7TR, STM32WBA5MMGH6TR, STM32WBA62MGF6, STM32WBA62MIF6, STM32WBA65MGF7, STM32WBA65MIF6, STM32WBA65MIF7, STM32WL30K8V6, STM32WL30KBV6, STM32WL31C8V6, STM32WL31CBV6, STM32WL31K8V6, STM32WL31KBV6, STM32WL33C8V6, STM32WL33C8V6X, STM32WL33CBV6, STM32WL33CBV6X, STM32WL33CCV6, STM32WL33CCV6A, STM32WL33CCV6X, STM32WL33K8V7, STM32WL33K8V7X, STM32WL33KBV7 , STM32WL33KBV7X, STM32WL33KCV7, STM32WL33KCV7X, STM32WL5MOCH6, STM32WL5MOCH6TR]
2026-01-21 11:09:47,382 DEBUG [LineInfo_to_exitCode.log_LineInfo] 2026-01-21 11:09:47,381 [INFO] DbMcus:218 - Found 4876 MCUs, 4876 are supported
2026-01-21 11:09:47,382 DEBUG [LineInfo_to_exitCode.log_LineInfo] 2026-01-21 11:09:47,382 [INFO] ApiDb:423 - Load user favorites file C:\Users\User/.stm32cubemx/favorites.mcus.txt: 0 item(s)
2026-01-21 11:09:47,383 DEBUG [LineInfo_to_exitCode.log_LineInfo] 2026-01-21 11:09:47,382 [INFO] ApiDb:427 - User favorites MCUs=[]
2026-01-21 11:09:47,383 DEBUG [LineInfo_to_exitCode.log_LineInfo] 2026-01-21 11:09:47,383 [INFO] DbMcus:224 - Set 0 / 0 favorites MCUs
2026-01-21 11:09:47,788 DEBUG [LineInfo_to_exitCode.log_LineInfo] 2026-01-21 11:09:47,787 [INFO] Mcu:2044 - No CPN specified => set CPN to STM32F303RET6
2026-01-21 11:09:49,591 DEBUG [LineInfo_to_exitCode.log_LineInfo] 2026-01-21 11:09:49,591 [INFO] Context:786 - Trying to add GPIOservice into a context  which must be forbidden
2026-01-21 11:09:50,576 DEBUG [LineInfo_to_exitCode.log_LineInfo] 2026-01-21 11:09:50,576 [INFO] ImportTextPane:234 - (OptionalMessage_ERROR) Unable to find key (Mcu.ThirdPartyNb) in loaded IOC file
2026-01-21 11:09:50,585 DEBUG [LineInfo_to_exitCode.log_LineInfo] 2026-01-21 11:09:50,585 [INFO] ImportTextPane:234 - (OptionalMessage_ERROR) Pin21 (VP_RIF_VS_RIF1) cannot be retrieved for this MCU
2026-01-21 11:09:50,700 DEBUG [LineInfo_to_exitCode.log_LineInfo] 2026-01-21 11:09:50,699 [INFO] RtosManager:558 - Registered RTOS mode: class=CMSIS, group=RTOS, mode=CMSIS_V1, owner=FREERTOS
2026-01-21 11:09:50,700 DEBUG [LineInfo_to_exitCode.log_LineInfo] 2026-01-21 11:09:50,700 [INFO] RtosManager:558 - Registered RTOS mode: class=CMSIS, group=RTOS2, mode=CMSIS_V2, owner=FREERTOS
2026-01-21 11:09:50,700 DEBUG [LineInfo_to_exitCode.log_LineInfo] 2026-01-21 11:09:50,700 [INFO] RtosManager:558 - Registered RTOS mode: class=RTOS, group=Core, mode=CMSIS_V1, owner=FREERTOS
2026-01-21 11:09:50,700 DEBUG [LineInfo_to_exitCode.log_LineInfo] 2026-01-21 11:09:50,700 [INFO] RtosManager:558 - Registered RTOS mode: class=RTOS, group=Core, mode=CMSIS_V2, owner=FREERTOS
2026-01-21 11:09:50,747 DEBUG [LineInfo_to_exitCode.log_LineInfo] 2026-01-21 11:09:50,747 [INFO] ThirdPartyModel:298 - Start build external matchings
2026-01-21 11:09:50,811 DEBUG [LineInfo_to_exitCode.log_LineInfo] 2026-01-21 11:09:50,810 [INFO] ThirdPartyModel:316 - End build external matchings
2026-01-21 11:09:50,910 DEBUG [LineInfo_to_exitCode.log_LineInfo] 2026-01-21 11:09:50,909 [INFO] ImportTextPane:234 - (OptionalMessage_ERROR) IP (MotorControl) : Invalid parameter (ADC_AHBPERIPH)
2026-01-21 11:09:50,910 DEBUG [LineInfo_to_exitCode.log_LineInfo] 2026-01-21 11:09:50,910 [INFO] ImportTextPane:234 - (OptionalMessage_ERROR) IP (MotorControl) : Invalid parameter (BUS_VOLTAGE_READING)
2026-01-21 11:09:50,910 DEBUG [LineInfo_to_exitCode.log_LineInfo] 2026-01-21 11:09:50,910 [INFO] ImportTextPane:234 - (OptionalMessage_ERROR) IP (MotorControl) : Invalid parameter (CCMRAM_ENABLED)
2026-01-21 11:09:50,910 DEBUG [LineInfo_to_exitCode.log_LineInfo] 2026-01-21 11:09:50,910 [INFO] ImportTextPane:234 - (OptionalMessage_ERROR) IP (MotorControl) : Invalid parameter (CLOCK_FREQUENCY)
2026-01-21 11:09:50,910 DEBUG [LineInfo_to_exitCode.log_LineInfo] 2026-01-21 11:09:50,910 [INFO] ImportTextPane:234 - (OptionalMessage_ERROR) IP (MotorControl) : Invalid parameter (CLOCK_SOURCE)
2026-01-21 11:09:50,911 DEBUG [LineInfo_to_exitCode.log_LineInfo] 2026-01-21 11:09:50,910 [INFO] ImportTextPane:234 - (OptionalMessage_ERROR) IP (MotorControl) : Invalid parameter (CPU_CLK_72_MHZ)
2026-01-21 11:09:50,911 DEBUG [LineInfo_to_exitCode.log_LineInfo] 2026-01-21 11:09:50,911 [INFO] ImportTextPane:234 - (OptionalMessage_ERROR) IP (MotorControl) : Invalid parameter (CURR_SAMPLING_TIME)
2026-01-21 11:09:50,911 DEBUG [LineInfo_to_exitCode.log_LineInfo] 2026-01-21 11:09:50,911 [INFO] ImportTextPane:234 - (OptionalMessage_ERROR) IP (MotorControl) : Invalid parameter (CURRENT_READING_TOPOLOGY)
2026-01-21 11:09:50,911 DEBUG [LineInfo_to_exitCode.log_LineInfo] 2026-01-21 11:09:50,911 [INFO] ImportTextPane:234 - (OptionalMessage_ERROR) IP (MotorControl) : Invalid parameter (DRIVE_TYPE)
2026-01-21 11:09:50,912 DEBUG [LineInfo_to_exitCode.log_LineInfo] 2026-01-21 11:09:50,911 [INFO] ImportTextPane:234 - (OptionalMessage_ERROR) IP (MotorControl) : Invalid parameter (DRIVES_NUMBER_SELECTION)
2026-01-21 11:09:50,912 DEBUG [LineInfo_to_exitCode.log_LineInfo] 2026-01-21 11:09:50,912 [INFO] ImportTextPane:234 - (OptionalMessage_ERROR) IP (MotorControl) : Invalid parameter (EMERGENCY_STOP_GPIO_PIN)
2026-01-21 11:09:50,912 DEBUG [LineInfo_to_exitCode.log_LineInfo] 2026-01-21 11:09:50,912 [INFO] ImportTextPane:234 - (OptionalMessage_ERROR) IP (MotorControl) : Invalid parameter (EMERGENCY_STOP_GPIO_PORT)
2026-01-21 11:09:50,912 DEBUG [LineInfo_to_exitCode.log_LineInfo] 2026-01-21 11:09:50,912 [INFO] ImportTextPane:234 - (OptionalMessage_ERROR) IP (MotorControl) : Invalid parameter (ENC_A_GPIO_PIN)
2026-01-21 11:09:50,912 DEBUG [LineInfo_to_exitCode.log_LineInfo] 2026-01-21 11:09:50,912 [INFO] ImportTextPane:234 - (OptionalMessage_ERROR) IP (MotorControl) : Invalid parameter (ENC_A_GPIO_PORT)
2026-01-21 11:09:50,913 DEBUG [LineInfo_to_exitCode.log_LineInfo] 2026-01-21 11:09:50,912 [INFO] ImportTextPane:234 - (OptionalMessage_ERROR) IP (MotorControl) : Invalid parameter (ENC_B_GPIO_PIN)
2026-01-21 11:09:50,913 DEBUG [LineInfo_to_exitCode.log_LineInfo] 2026-01-21 11:09:50,913 [INFO] ImportTextPane:234 - (OptionalMessage_ERROR) IP (MotorControl) : Invalid parameter (ENC_B_GPIO_PORT)
2026-01-21 11:09:50,913 DEBUG [LineInfo_to_exitCode.log_LineInfo] 2026-01-21 11:09:50,913 [INFO] ImportTextPane:234 - (OptionalMessage_ERROR) IP (MotorControl) : Invalid parameter (ENC_ICx_FILTER)
2026-01-21 11:09:50,913 DEBUG [LineInfo_to_exitCode.log_LineInfo] 2026-01-21 11:09:50,913 [INFO] ImportTextPane:234 - (OptionalMessage_ERROR) IP (MotorControl) : Invalid parameter (ENC_INVERT_SPEED)
2026-01-21 11:09:50,913 DEBUG [LineInfo_to_exitCode.log_LineInfo] 2026-01-21 11:09:50,913 [INFO] ImportTextPane:234 - (OptionalMessage_ERROR) IP (MotorControl) : Invalid parameter (ENC_TIMER_SELECTION)
2026-01-21 11:09:50,914 DEBUG [LineInfo_to_exitCode.log_LineInfo] 2026-01-21 11:09:50,913 [INFO] ImportTextPane:234 - (OptionalMessage_ERROR) IP (MotorControl) : Invalid parameter (ENC_USE_CH3)
2026-01-21 11:09:50,914 DEBUG [LineInfo_to_exitCode.log_LineInfo] 2026-01-21 11:09:50,913 [INFO] ImportTextPane:234 - (OptionalMessage_ERROR) IP (MotorControl) : Invalid parameter (ENCODER)
2026-01-21 11:09:50,914 DEBUG [LineInfo_to_exitCode.log_LineInfo] 2026-01-21 11:09:50,913 [INFO] ImportTextPane:234 - (OptionalMessage_ERROR) IP (MotorControl) : Invalid parameter (ENCODER_AVAILABLE)
2026-01-21 11:09:50,914 DEBUG [LineInfo_to_exitCode.log_LineInfo] 2026-01-21 11:09:50,913 [INFO] ImportTextPane:234 - (OptionalMessage_ERROR) IP (MotorControl) : Invalid parameter (ENCODER_PPR)
2026-01-21 11:09:50,914 DEBUG [LineInfo_to_exitCode.log_LineInfo] 2026-01-21 11:09:50,914 [INFO] ImportTextPane:234 - (OptionalMessage_ERROR) IP (MotorControl) : Invalid parameter (EXT_CLK_8_MHZ)
2026-01-21 11:09:50,914 DEBUG [LineInfo_to_exitCode.log_LineInfo] 2026-01-21 11:09:50,914 [INFO] ImportTextPane:234 - (OptionalMessage_ERROR) IP (MotorControl) : Invalid parameter (EXT_CLOCK_FREQUENCY)
2026-01-21 11:09:50,914 DEBUG [LineInfo_to_exitCode.log_LineInfo] 2026-01-21 11:09:50,914 [INFO] ImportTextPane:234 - (OptionalMessage_ERROR) IP (MotorControl) : Invalid parameter (FEEDBACK_NET_FILTERING)
2026-01-21 11:09:50,914 DEBUG [LineInfo_to_exitCode.log_LineInfo] 2026-01-21 11:09:50,914 [INFO] ImportTextPane:234 - (OptionalMessage_ERROR) IP (MotorControl) : Invalid parameter (FLASH_SIZE)
2026-01-21 11:09:50,915 DEBUG [LineInfo_to_exitCode.log_LineInfo] 2026-01-21 11:09:50,914 [INFO] ImportTextPane:234 - (OptionalMessage_ERROR) IP (MotorControl) : Invalid parameter (HALL_SENSORS_AVAILABLE)
2026-01-21 11:09:50,915 DEBUG [LineInfo_to_exitCode.log_LineInfo] 2026-01-21 11:09:50,914 [INFO] ImportTextPane:234 - (OptionalMessage_ERROR) IP (MotorControl) : Invalid parameter (HW_COMPLEMENTED_LOW_SIDE)
2026-01-21 11:09:50,915 DEBUG [LineInfo_to_exitCode.log_LineInfo] 2026-01-21 11:09:50,914 [INFO] ImportTextPane:234 - (OptionalMessage_ERROR) IP (MotorControl) : Invalid parameter (HW_DEAD_TIME_NS)
2026-01-21 11:09:50,916 DEBUG [LineInfo_to_exitCode.log_LineInfo] 2026-01-21 11:09:50,914 [INFO] ImportTextPane:234 - (OptionalMessage_ERROR) IP (MotorControl) : Invalid parameter (HWV_CS)
2026-01-21 11:09:50,916 DEBUG [LineInfo_to_exitCode.log_LineInfo] 2026-01-21 11:09:50,914 [INFO] ImportTextPane:234 - (OptionalMessage_ERROR) IP (MotorControl) : Invalid parameter (HWV_OCP)
2026-01-21 11:09:50,916 DEBUG [LineInfo_to_exitCode.log_LineInfo] 2026-01-21 11:09:50,914 [INFO] ImportTextPane:234 - (OptionalMessage_ERROR) IP (MotorControl) : Invalid parameter (HWV_PWM)
2026-01-21 11:09:50,916 DEBUG [LineInfo_to_exitCode.log_LineInfo] 2026-01-21 11:09:50,915 [INFO] ImportTextPane:234 - (OptionalMessage_ERROR) IP (MotorControl) : Invalid parameter (IPs)
2026-01-21 11:09:50,916 DEBUG [LineInfo_to_exitCode.log_LineInfo] 2026-01-21 11:09:50,915 [INFO] ImportTextPane:234 - (OptionalMessage_ERROR) IP (MotorControl) : Invalid parameter (LOW_SIDE_SIGNALS_ENABLING)
2026-01-21 11:09:50,916 DEBUG [LineInfo_to_exitCode.log_LineInfo] 2026-01-21 11:09:50,915 [INFO] ImportTextPane:234 - (OptionalMessage_ERROR) IP (MotorControl) : Invalid parameter (M1_COMMUTATION_STEP_TIME_BUF_SIZE)
2026-01-21 11:09:50,917 DEBUG [LineInfo_to_exitCode.log_LineInfo] 2026-01-21 11:09:50,915 [INFO] ImportTextPane:234 - (OptionalMessage_ERROR) IP (MotorControl) : Invalid parameter (M1_CURRENT_AMPLIFICATION_TOPO)
2026-01-21 11:09:50,917 DEBUG [LineInfo_to_exitCode.log_LineInfo] 2026-01-21 11:09:50,915 [INFO] ImportTextPane:234 - (OptionalMessage_ERROR) IP (MotorControl) : Invalid parameter (M1_DC_CURRENT_RS_MEAS)
2026-01-21 11:09:50,917 DEBUG [LineInfo_to_exitCode.log_LineInfo] 2026-01-21 11:09:50,915 [INFO] ImportTextPane:234 - (OptionalMessage_ERROR) IP (MotorControl) : Invalid parameter (M1_ENC_A_GPIO_PIN)
2026-01-21 11:09:50,917 DEBUG [LineInfo_to_exitCode.log_LineInfo] 2026-01-21 11:09:50,916 [INFO] ImportTextPane:234 - (OptionalMessage_ERROR) IP (MotorControl) : Invalid parameter (M1_ENC_A_GPIO_PORT)
2026-01-21 11:09:50,917 DEBUG [LineInfo_to_exitCode.log_LineInfo] 2026-01-21 11:09:50,916 [INFO] ImportTextPane:234 - (OptionalMessage_ERROR) IP (MotorControl) : Invalid parameter (M1_ENC_B_GPIO_PIN)
2026-01-21 11:09:50,918 DEBUG [LineInfo_to_exitCode.log_LineInfo] 2026-01-21 11:09:50,916 [INFO] ImportTextPane:234 - (OptionalMessage_ERROR) IP (MotorControl) : Invalid parameter (M1_ENC_B_GPIO_PORT)
2026-01-21 11:09:50,918 DEBUG [LineInfo_to_exitCode.log_LineInfo] 2026-01-21 11:09:50,916 [INFO] ImportTextPane:234 - (OptionalMessage_ERROR) IP (MotorControl) : Invalid parameter (M1_ENC_TIMER_IRQ)
2026-01-21 11:09:50,918 DEBUG [LineInfo_to_exitCode.log_LineInfo] 2026-01-21 11:09:50,916 [INFO] ImportTextPane:234 - (OptionalMessage_ERROR) IP (MotorControl) : Invalid parameter (M1_ENC_USE_CH3)
2026-01-21 11:09:50,918 DEBUG [LineInfo_to_exitCode.log_LineInfo] 2026-01-21 11:09:50,916 [INFO] ImportTextPane:234 - (OptionalMessage_ERROR) IP (MotorControl) : Invalid parameter (M1_HIGH_SIDE_IDLE_STATE)
2026-01-21 11:09:50,918 DEBUG [LineInfo_to_exitCode.log_LineInfo] 2026-01-21 11:09:50,916 [INFO] ImportTextPane:234 - (OptionalMessage_ERROR) IP (MotorControl) : Invalid parameter (M1_LOW_SIDE_IDLE_STATE)
2026-01-21 11:09:50,919 DEBUG [LineInfo_to_exitCode.log_LineInfo] 2026-01-21 11:09:50,916 [INFO] ImportTextPane:234 - (OptionalMessage_ERROR) IP (MotorControl) : Invalid parameter (M1_OCP_BKIN_FILTER)
2026-01-21 11:09:50,919 DEBUG [LineInfo_to_exitCode.log_LineInfo] 2026-01-21 11:09:50,917 [INFO] ImportTextPane:234 - (OptionalMessage_ERROR) IP (MotorControl) : Invalid parameter (M1_OCP_BKIN_MODE)
2026-01-21 11:09:50,919 DEBUG [LineInfo_to_exitCode.log_LineInfo] 2026-01-21 11:09:50,917 [INFO] ImportTextPane:234 - (OptionalMessage_ERROR) IP (MotorControl) : Invalid parameter (M1_OCP_BKIN_POLARITY)
2026-01-21 11:09:50,919 DEBUG [LineInfo_to_exitCode.log_LineInfo] 2026-01-21 11:09:50,917 [INFO] ImportTextPane:234 - (OptionalMessage_ERROR) IP (MotorControl) : Parameter (M1_PWM_CHARGE_BOOT_CAP_DUTY_CYCLES) has invalid value (0.000)
2026-01-21 11:09:50,919 DEBUG [LineInfo_to_exitCode.log_LineInfo] 2026-01-21 11:09:50,918 [INFO] ImportTextPane:234 - (OptionalMessage_ERROR) IP (MotorControl) : Invalid parameter (M1_PWM_TIMER_BRK_IRQ)
2026-01-21 11:09:50,920 DEBUG [LineInfo_to_exitCode.log_LineInfo] 2026-01-21 11:09:50,918 [INFO] ImportTextPane:234 - (OptionalMessage_ERROR) IP (MotorControl) : Invalid parameter (M1_PWM_TIMER_UP_IRQ)
2026-01-21 11:09:50,920 DEBUG [LineInfo_to_exitCode.log_LineInfo] 2026-01-21 11:09:50,918 [INFO] ImportTextPane:234 - (OptionalMessage_ERROR) IP (MotorControl) : Invalid parameter (M1_SPD_DIFFERENTIAL_TERM_ENABLING)
2026-01-21 11:09:50,923 DEBUG [LineInfo_to_exitCode.log_LineInfo] 2026-01-21 11:09:50,922 [INFO] ImportTextPane:234 - (OptionalMessage_ERROR) IP (MotorControl) : Invalid parameter (MAX_READABLE_CURRENT)
2026-01-21 11:09:50,923 DEBUG [LineInfo_to_exitCode.log_LineInfo] 2026-01-21 11:09:50,923 [INFO] ImportTextPane:234 - (OptionalMessage_ERROR) IP (MotorControl) : Invalid parameter (MC_WORKBENCH_VERSION)
2026-01-21 11:09:50,923 DEBUG [LineInfo_to_exitCode.log_LineInfo] 2026-01-21 11:09:50,923 [INFO] ImportTextPane:234 - (OptionalMessage_ERROR) IP (MotorControl) : Invalid parameter (MCU)
2026-01-21 11:09:50,924 DEBUG [LineInfo_to_exitCode.log_LineInfo] 2026-01-21 11:09:50,923 [INFO] ImportTextPane:234 - (OptionalMessage_ERROR) IP (MotorControl) : Invalid parameter (MCU_FAMILY)
2026-01-21 11:09:50,924 DEBUG [LineInfo_to_exitCode.log_LineInfo] 2026-01-21 11:09:50,923 [INFO] ImportTextPane:234 - (OptionalMessage_ERROR) IP (MotorControl) : Invalid parameter (MCU_LINE)
2026-01-21 11:09:50,924 DEBUG [LineInfo_to_exitCode.log_LineInfo] 2026-01-21 11:09:50,923 [INFO] ImportTextPane:234 - (OptionalMessage_ERROR) IP (MotorControl) : Invalid parameter (MCU_PACKAGE)
2026-01-21 11:09:50,924 DEBUG [LineInfo_to_exitCode.log_LineInfo] 2026-01-21 11:09:50,923 [INFO] ImportTextPane:234 - (OptionalMessage_ERROR) IP (MotorControl) : Invalid parameter (MCU_TYPE)
2026-01-21 11:09:50,924 DEBUG [LineInfo_to_exitCode.log_LineInfo] 2026-01-21 11:09:50,924 [INFO] ImportTextPane:234 - (OptionalMessage_ERROR) IP (MotorControl) : Invalid parameter (MCU_USERNAME)
2026-01-21 11:09:50,925 DEBUG [LineInfo_to_exitCode.log_LineInfo] 2026-01-21 11:09:50,924 [INFO] ImportTextPane:234 - (OptionalMessage_ERROR) IP (MotorControl) : Invalid parameter (MOTOR_TYPE)
2026-01-21 11:09:50,925 DEBUG [LineInfo_to_exitCode.log_LineInfo] 2026-01-21 11:09:50,924 [INFO] ImportTextPane:234 - (OptionalMessage_ERROR) IP (MotorControl) : Invalid parameter (ON_OVER_VOLTAGE)
2026-01-21 11:09:50,925 DEBUG [LineInfo_to_exitCode.log_LineInfo] 2026-01-21 11:09:50,924 [INFO] ImportTextPane:234 - (OptionalMessage_ERROR) IP (MotorControl) : Invalid parameter (OV_TEMPERATURE_PROT_ENABLING)
2026-01-21 11:09:50,925 DEBUG [LineInfo_to_exitCode.log_LineInfo] 2026-01-21 11:09:50,924 [INFO] ImportTextPane:234 - (OptionalMessage_ERROR) IP (MotorControl) : Invalid parameter (OV_VOLTAGE_PROT_ENABLING)
2026-01-21 11:09:50,925 DEBUG [LineInfo_to_exitCode.log_LineInfo] 2026-01-21 11:09:50,924 [INFO] ImportTextPane:234 - (OptionalMessage_ERROR) IP (MotorControl) : Invalid parameter (PHASE_U_CURR_ADC)
2026-01-21 11:09:50,925 DEBUG [LineInfo_to_exitCode.log_LineInfo] 2026-01-21 11:09:50,924 [INFO] ImportTextPane:234 - (OptionalMessage_ERROR) IP (MotorControl) : Invalid parameter (PHASE_U_GPIO_PIN)
2026-01-21 11:09:50,925 DEBUG [LineInfo_to_exitCode.log_LineInfo] 2026-01-21 11:09:50,924 [INFO] ImportTextPane:234 - (OptionalMessage_ERROR) IP (MotorControl) : Invalid parameter (PHASE_U_GPIO_PORT)
2026-01-21 11:09:50,926 DEBUG [LineInfo_to_exitCode.log_LineInfo] 2026-01-21 11:09:50,924 [INFO] ImportTextPane:234 - (OptionalMessage_ERROR) IP (MotorControl) : Invalid parameter (PHASE_U_PWM_CHANNEL)
2026-01-21 11:09:50,926 DEBUG [LineInfo_to_exitCode.log_LineInfo] 2026-01-21 11:09:50,924 [INFO] ImportTextPane:234 - (OptionalMessage_ERROR) IP (MotorControl) : Invalid parameter (PHASE_UH_GPIO_PIN)
2026-01-21 11:09:50,926 DEBUG [LineInfo_to_exitCode.log_LineInfo] 2026-01-21 11:09:50,924 [INFO] ImportTextPane:234 - (OptionalMessage_ERROR) IP (MotorControl) : Invalid parameter (PHASE_UH_GPIO_PORT)
2026-01-21 11:09:50,926 DEBUG [LineInfo_to_exitCode.log_LineInfo] 2026-01-21 11:09:50,925 [INFO] ImportTextPane:234 - (OptionalMessage_ERROR) IP (MotorControl) : Invalid parameter (PHASE_UL_GPIO_PIN)
2026-01-21 11:09:50,926 DEBUG [LineInfo_to_exitCode.log_LineInfo] 2026-01-21 11:09:50,925 [INFO] ImportTextPane:234 - (OptionalMessage_ERROR) IP (MotorControl) : Invalid parameter (PHASE_UL_GPIO_PORT)
2026-01-21 11:09:50,926 DEBUG [LineInfo_to_exitCode.log_LineInfo] 2026-01-21 11:09:50,925 [INFO] ImportTextPane:234 - (OptionalMessage_ERROR) IP (MotorControl) : Invalid parameter (PHASE_V_CURR_ADC)
2026-01-21 11:09:50,926 DEBUG [LineInfo_to_exitCode.log_LineInfo] 2026-01-21 11:09:50,925 [INFO] ImportTextPane:234 - (OptionalMessage_ERROR) IP (MotorControl) : Invalid parameter (PHASE_V_GPIO_PIN)
2026-01-21 11:09:50,926 DEBUG [LineInfo_to_exitCode.log_LineInfo] 2026-01-21 11:09:50,925 [INFO] ImportTextPane:234 - (OptionalMessage_ERROR) IP (MotorControl) : Invalid parameter (PHASE_V_GPIO_PORT)
2026-01-21 11:09:50,927 DEBUG [LineInfo_to_exitCode.log_LineInfo] 2026-01-21 11:09:50,925 [INFO] ImportTextPane:234 - (OptionalMessage_ERROR) IP (MotorControl) : Invalid parameter (PHASE_V_PWM_CHANNEL)
2026-01-21 11:09:50,927 DEBUG [LineInfo_to_exitCode.log_LineInfo] 2026-01-21 11:09:50,925 [INFO] ImportTextPane:234 - (OptionalMessage_ERROR) IP (MotorControl) : Invalid parameter (PHASE_V_S_CURR_ADC)
2026-01-21 11:09:50,927 DEBUG [LineInfo_to_exitCode.log_LineInfo] 2026-01-21 11:09:50,925 [INFO] ImportTextPane:234 - (OptionalMessage_ERROR) IP (MotorControl) : Invalid parameter (PHASE_V_S_CURR_CHANNEL)
2026-01-21 11:09:50,927 DEBUG [LineInfo_to_exitCode.log_LineInfo] 2026-01-21 11:09:50,926 [INFO] ImportTextPane:234 - (OptionalMessage_ERROR) IP (MotorControl) : Invalid parameter (PHASE_V_S_GPIO_PIN)
2026-01-21 11:09:50,927 DEBUG [LineInfo_to_exitCode.log_LineInfo] 2026-01-21 11:09:50,926 [INFO] ImportTextPane:234 - (OptionalMessage_ERROR) IP (MotorControl) : Invalid parameter (PHASE_V_S_GPIO_PORT)
2026-01-21 11:09:50,927 DEBUG [LineInfo_to_exitCode.log_LineInfo] 2026-01-21 11:09:50,926 [INFO] ImportTextPane:234 - (OptionalMessage_ERROR) IP (MotorControl) : Invalid parameter (PHASE_VH_GPIO_PIN)
2026-01-21 11:09:50,927 DEBUG [LineInfo_to_exitCode.log_LineInfo] 2026-01-21 11:09:50,926 [INFO] ImportTextPane:234 - (OptionalMessage_ERROR) IP (MotorControl) : Invalid parameter (PHASE_VH_GPIO_PORT)
2026-01-21 11:09:50,927 DEBUG [LineInfo_to_exitCode.log_LineInfo] 2026-01-21 11:09:50,926 [INFO] ImportTextPane:234 - (OptionalMessage_ERROR) IP (MotorControl) : Invalid parameter (PHASE_VL_GPIO_PIN)
2026-01-21 11:09:50,928 DEBUG [LineInfo_to_exitCode.log_LineInfo] 2026-01-21 11:09:50,926 [INFO] ImportTextPane:234 - (OptionalMessage_ERROR) IP (MotorControl) : Invalid parameter (PHASE_VL_GPIO_PORT)
2026-01-21 11:09:50,928 DEBUG [LineInfo_to_exitCode.log_LineInfo] 2026-01-21 11:09:50,926 [INFO] ImportTextPane:234 - (OptionalMessage_ERROR) IP (MotorControl) : Invalid parameter (PHASE_W_CURR_ADC)
2026-01-21 11:09:50,928 DEBUG [LineInfo_to_exitCode.log_LineInfo] 2026-01-21 11:09:50,926 [INFO] ImportTextPane:234 - (OptionalMessage_ERROR) IP (MotorControl) : Invalid parameter (PHASE_W_GPIO_PIN)
2026-01-21 11:09:50,928 DEBUG [LineInfo_to_exitCode.log_LineInfo] 2026-01-21 11:09:50,926 [INFO] ImportTextPane:234 - (OptionalMessage_ERROR) IP (MotorControl) : Invalid parameter (PHASE_W_GPIO_PORT)
2026-01-21 11:09:50,928 DEBUG [LineInfo_to_exitCode.log_LineInfo] 2026-01-21 11:09:50,926 [INFO] ImportTextPane:234 - (OptionalMessage_ERROR) IP (MotorControl) : Invalid parameter (PHASE_W_PWM_CHANNEL)
2026-01-21 11:09:50,928 DEBUG [LineInfo_to_exitCode.log_LineInfo] 2026-01-21 11:09:50,927 [INFO] ImportTextPane:234 - (OptionalMessage_ERROR) IP (MotorControl) : Invalid parameter (PHASE_WH_GPIO_PIN)
2026-01-21 11:09:50,928 DEBUG [LineInfo_to_exitCode.log_LineInfo] 2026-01-21 11:09:50,927 [INFO] ImportTextPane:234 - (OptionalMessage_ERROR) IP (MotorControl) : Invalid parameter (PHASE_WH_GPIO_PORT)
2026-01-21 11:09:50,928 DEBUG [LineInfo_to_exitCode.log_LineInfo] 2026-01-21 11:09:50,927 [INFO] ImportTextPane:234 - (OptionalMessage_ERROR) IP (MotorControl) : Invalid parameter (PHASE_WL_GPIO_PIN)
2026-01-21 11:09:50,929 DEBUG [LineInfo_to_exitCode.log_LineInfo] 2026-01-21 11:09:50,927 [INFO] ImportTextPane:234 - (OptionalMessage_ERROR) IP (MotorControl) : Invalid parameter (PHASE_WL_GPIO_PORT)
2026-01-21 11:09:50,929 DEBUG [LineInfo_to_exitCode.log_LineInfo] 2026-01-21 11:09:50,927 [INFO] ImportTextPane:234 - (OptionalMessage_ERROR) IP (MotorControl) : Invalid parameter (POTENTIOMETER_READING)
2026-01-21 11:09:50,929 DEBUG [LineInfo_to_exitCode.log_LineInfo] 2026-01-21 11:09:50,927 [INFO] ImportTextPane:234 - (OptionalMessage_ERROR) IP (MotorControl) : Invalid parameter (PWM_FREQUENCY)
2026-01-21 11:09:50,929 DEBUG [LineInfo_to_exitCode.log_LineInfo] 2026-01-21 11:09:50,927 [INFO] ImportTextPane:234 - (OptionalMessage_ERROR) IP (MotorControl) : Invalid parameter (PWM_TIMER_SELECTION)
2026-01-21 11:09:50,929 DEBUG [LineInfo_to_exitCode.log_LineInfo] 2026-01-21 11:09:50,927 [INFO] ImportTextPane:234 - (OptionalMessage_ERROR) IP (MotorControl) : Invalid parameter (R_BRAKE_SWITCH_OFF_THRES_V)
2026-01-21 11:09:50,929 DEBUG [LineInfo_to_exitCode.log_LineInfo] 2026-01-21 11:09:50,927 [INFO] ImportTextPane:234 - (OptionalMessage_ERROR) IP (MotorControl) : Invalid parameter (REGULATION_EXECUTION_RATE)
2026-01-21 11:09:50,930 DEBUG [LineInfo_to_exitCode.log_LineInfo] 2026-01-21 11:09:50,927 [INFO] ImportTextPane:234 - (OptionalMessage_ERROR) IP (MotorControl) : Invalid parameter (SINGLEDRIVE)
2026-01-21 11:09:50,930 DEBUG [LineInfo_to_exitCode.log_LineInfo] 2026-01-21 11:09:50,927 [INFO] ImportTextPane:234 - (OptionalMessage_ERROR) IP (MotorControl) : Invalid parameter (SPD_DIFFERENTIAL_TERM_ENABLING)
2026-01-21 11:09:50,931 DEBUG [LineInfo_to_exitCode.log_LineInfo] 2026-01-21 11:09:50,928 [INFO] ImportTextPane:234 - (OptionalMessage_ERROR) IP (MotorControl) : Invalid parameter (SPEED_SENSOR_SELECTION)
2026-01-21 11:09:50,931 DEBUG [LineInfo_to_exitCode.log_LineInfo] 2026-01-21 11:09:50,928 [INFO] ImportTextPane:234 - (OptionalMessage_ERROR) IP (MotorControl) : Invalid parameter (STM32F303RE)
2026-01-21 11:09:50,931 DEBUG [LineInfo_to_exitCode.log_LineInfo] 2026-01-21 11:09:50,928 [INFO] ImportTextPane:234 - (OptionalMessage_ERROR) IP (MotorControl) : Invalid parameter (SW_DEADTIME_NS)
2026-01-21 11:09:50,931 DEBUG [LineInfo_to_exitCode.log_LineInfo] 2026-01-21 11:09:50,928 [INFO] ImportTextPane:234 - (OptionalMessage_ERROR) IP (MotorControl) : Invalid parameter (TEMP_ADC_SAMPLING_TIME)
2026-01-21 11:09:50,931 DEBUG [LineInfo_to_exitCode.log_LineInfo] 2026-01-21 11:09:50,928 [INFO] ImportTextPane:234 - (OptionalMessage_ERROR) IP (MotorControl) : Invalid parameter (TEMP_FDBK_ADC)
2026-01-21 11:09:50,931 DEBUG [LineInfo_to_exitCode.log_LineInfo] 2026-01-21 11:09:50,928 [INFO] ImportTextPane:234 - (OptionalMessage_ERROR) IP (MotorControl) : Invalid parameter (TEMP_FDBK_CHANNEL)
2026-01-21 11:09:50,931 DEBUG [LineInfo_to_exitCode.log_LineInfo] 2026-01-21 11:09:50,928 [INFO] ImportTextPane:234 - (OptionalMessage_ERROR) IP (MotorControl) : Invalid parameter (TEMP_FDBK_GPIO_PIN)
2026-01-21 11:09:50,931 DEBUG [LineInfo_to_exitCode.log_LineInfo] 2026-01-21 11:09:50,928 [INFO] ImportTextPane:234 - (OptionalMessage_ERROR) IP (MotorControl) : Invalid parameter (TEMP_FDBK_GPIO_PORT)
2026-01-21 11:09:50,932 DEBUG [LineInfo_to_exitCode.log_LineInfo] 2026-01-21 11:09:50,928 [INFO] ImportTextPane:234 - (OptionalMessage_ERROR) IP (MotorControl) : Invalid parameter (TEMPERATURE_READING)
2026-01-21 11:09:50,932 DEBUG [LineInfo_to_exitCode.log_LineInfo] 2026-01-21 11:09:50,928 [INFO] ImportTextPane:234 - (OptionalMessage_ERROR) IP (MotorControl) : Invalid parameter (TFDIFFERENTIAL_TERM_ENABLING)
2026-01-21 11:09:50,932 DEBUG [LineInfo_to_exitCode.log_LineInfo] 2026-01-21 11:09:50,928 [INFO] ImportTextPane:234 - (OptionalMessage_ERROR) IP (MotorControl) : Invalid parameter (TRISE_NS)
2026-01-21 11:09:50,932 DEBUG [LineInfo_to_exitCode.log_LineInfo] 2026-01-21 11:09:50,929 [INFO] ImportTextPane:234 - (OptionalMessage_ERROR) IP (MotorControl) : Invalid parameter (USE_3OPAMPS)
2026-01-21 11:09:50,932 DEBUG [LineInfo_to_exitCode.log_LineInfo] 2026-01-21 11:09:50,929 [INFO] ImportTextPane:234 - (OptionalMessage_ERROR) IP (MotorControl) : Invalid parameter (USE_INTERNAL_OPAMP)
2026-01-21 11:09:50,932 DEBUG [LineInfo_to_exitCode.log_LineInfo] 2026-01-21 11:09:50,929 [INFO] ImportTextPane:234 - (OptionalMessage_ERROR) IP (MotorControl) : Invalid parameter (UV_VOLTAGE_PROT_ENABLING)
2026-01-21 11:09:50,932 DEBUG [LineInfo_to_exitCode.log_LineInfo] 2026-01-21 11:09:50,929 [INFO] ImportTextPane:234 - (OptionalMessage_ERROR) IP (MotorControl) : Invalid parameter (VBUS_ADC)
2026-01-21 11:09:50,933 DEBUG [LineInfo_to_exitCode.log_LineInfo] 2026-01-21 11:09:50,929 [INFO] ImportTextPane:234 - (OptionalMessage_ERROR) IP (MotorControl) : Invalid parameter (VBUS_ADC_SAMPLING_TIME)
2026-01-21 11:09:50,933 DEBUG [LineInfo_to_exitCode.log_LineInfo] 2026-01-21 11:09:50,929 [INFO] ImportTextPane:234 - (OptionalMessage_ERROR) IP (MotorControl) : Invalid parameter (VBUS_CHANNEL)
2026-01-21 11:09:50,933 DEBUG [LineInfo_to_exitCode.log_LineInfo] 2026-01-21 11:09:50,929 [INFO] ImportTextPane:234 - (OptionalMessage_ERROR) IP (MotorControl) : Invalid parameter (VBUS_GPIO_PIN)
2026-01-21 11:09:50,933 DEBUG [LineInfo_to_exitCode.log_LineInfo] 2026-01-21 11:09:50,929 [INFO] ImportTextPane:234 - (OptionalMessage_ERROR) IP (MotorControl) : Invalid parameter (VBUS_GPIO_PORT)
2026-01-21 11:09:50,933 DEBUG [LineInfo_to_exitCode.log_LineInfo] 2026-01-21 11:09:50,929 [INFO] ImportTextPane:234 - (OptionalMessage_ERROR) IP (MotorControl) : Invalid parameter (WB_MX_HEAPSIZE)
2026-01-21 11:09:50,933 DEBUG [LineInfo_to_exitCode.log_LineInfo] 2026-01-21 11:09:50,929 [INFO] ImportTextPane:234 - (OptionalMessage_ERROR) IP (MotorControl) : Invalid parameter (WB_MX_STACKSIZE)
2026-01-21 11:09:50,933 DEBUG [LineInfo_to_exitCode.log_LineInfo] 2026-01-21 11:09:50,929 [INFO] ImportTextPane:234 - (OptionalMessage_ERROR) IP (MotorControl) : Invalid parameter (WB_MX_TRUSTZONE_AVAILABLE)
2026-01-21 11:09:50,933 DEBUG [LineInfo_to_exitCode.log_LineInfo] 2026-01-21 11:09:50,929 [INFO] ImportTextPane:234 - (OptionalMessage_ERROR) IP (MotorControl) : Invalid parameter (WB_to_Mx_template_version)
2026-01-21 11:09:50,934 DEBUG [LineInfo_to_exitCode.log_LineInfo] 2026-01-21 11:09:50,930 [INFO] ImportTextPane:234 - (OptionalMessage_ERROR) IP (MotorControl) : Invalid parameter (WB_to_Mx_version)
2026-01-21 11:09:50,934 DEBUG [LineInfo_to_exitCode.log_LineInfo] 2026-01-21 11:09:50,930 [INFO] ImportTextPane:234 - (OptionalMessage_ERROR) IP (MotorControl) : Invalid parameter (WB_UI_CUTOFF_FREQUENCY)
2026-01-21 11:09:50,934 DEBUG [LineInfo_to_exitCode.log_LineInfo] 2026-01-21 11:09:50,930 [INFO] ImportTextPane:234 - (OptionalMessage_ERROR) IP (MotorControl) : Invalid parameter (WB_UI_ENCODER_HAS_INDEX_PIN)
2026-01-21 11:09:50,934 DEBUG [LineInfo_to_exitCode.log_LineInfo] 2026-01-21 11:09:50,930 [INFO] ImportTextPane:234 - (OptionalMessage_ERROR) IP (MotorControl) : Invalid parameter (WB_UI_FLUX_TARGET)
2026-01-21 11:09:50,934 DEBUG [LineInfo_to_exitCode.log_LineInfo] 2026-01-21 11:09:50,930 [INFO] ImportTextPane:234 - (OptionalMessage_ERROR) IP (MotorControl) : Invalid parameter (WB_UI_FRICTION)
2026-01-21 11:09:50,934 DEBUG [LineInfo_to_exitCode.log_LineInfo] 2026-01-21 11:09:50,930 [INFO] ImportTextPane:234 - (OptionalMessage_ERROR) IP (MotorControl) : Invalid parameter (WB_UI_INERTIA)
2026-01-21 11:09:50,934 DEBUG [LineInfo_to_exitCode.log_LineInfo] 2026-01-21 11:09:50,930 [INFO] ImportTextPane:234 - (OptionalMessage_ERROR) IP (MotorControl) : Invalid parameter (WB_UI_MAGNETIC_STRUCTURE)
2026-01-21 11:09:50,935 DEBUG [LineInfo_to_exitCode.log_LineInfo] 2026-01-21 11:09:50,930 [INFO] ImportTextPane:234 - (OptionalMessage_ERROR) IP (MotorControl) : Invalid parameter (WB_UI_MAX_CURRENT)
2026-01-21 11:09:50,935 DEBUG [LineInfo_to_exitCode.log_LineInfo] 2026-01-21 11:09:50,930 [INFO] ImportTextPane:234 - (OptionalMessage_ERROR) IP (MotorControl) : Invalid parameter (WB_UI_MAX_NOMINAL_DC_VOLTAGE)
2026-01-21 11:09:50,935 DEBUG [LineInfo_to_exitCode.log_LineInfo] 2026-01-21 11:09:50,931 [INFO] ImportTextPane:234 - (OptionalMessage_ERROR) IP (MotorControl) : Invalid parameter (WB_UI_MAX_PWMFREQUENCY)
2026-01-21 11:09:50,935 DEBUG [LineInfo_to_exitCode.log_LineInfo] 2026-01-21 11:09:50,931 [INFO] ImportTextPane:234 - (OptionalMessage_ERROR) IP (MotorControl) : Invalid parameter (WB_UI_MOTOR_DESCRIPTION)
2026-01-21 11:09:50,935 DEBUG [LineInfo_to_exitCode.log_LineInfo] 2026-01-21 11:09:50,931 [INFO] ImportTextPane:234 - (OptionalMessage_ERROR) IP (MotorControl) : Invalid parameter (WB_UI_OCP_DISABLING_ENABLE)
2026-01-21 11:09:50,935 DEBUG [LineInfo_to_exitCode.log_LineInfo] 2026-01-21 11:09:50,931 [INFO] ImportTextPane:234 - (OptionalMessage_ERROR) IP (MotorControl) : Invalid parameter (WB_UI_OCP_THRESHOLD)
2026-01-21 11:09:50,935 DEBUG [LineInfo_to_exitCode.log_LineInfo] 2026-01-21 11:09:50,931 [INFO] ImportTextPane:234 - (OptionalMessage_ERROR) IP (MotorControl) : Invalid parameter (WB_UI_PW_BOARD_MAX_RATED_CURRENT)
2026-01-21 11:09:50,936 DEBUG [LineInfo_to_exitCode.log_LineInfo] 2026-01-21 11:09:50,931 [INFO] ImportTextPane:234 - (OptionalMessage_ERROR) IP (MotorControl) : Invalid parameter (WB_UI_PW_BOARD_MAX_VOLTAGE)
2026-01-21 11:09:50,936 DEBUG [LineInfo_to_exitCode.log_LineInfo] 2026-01-21 11:09:50,931 [INFO] ImportTextPane:234 - (OptionalMessage_ERROR) IP (MotorControl) : Invalid parameter (WB_UI_PW_BOARD_MIN_VOLTAGE)
2026-01-21 11:09:50,936 DEBUG [LineInfo_to_exitCode.log_LineInfo] 2026-01-21 11:09:50,931 [INFO] ImportTextPane:234 - (OptionalMessage_ERROR) IP (MotorControl) : Invalid parameter (WB_UI_VPOL)
2026-01-21 11:09:50,936 DEBUG [LineInfo_to_exitCode.log_LineInfo] 2026-01-21 11:09:50,933 [INFO] ImportTextPane:234 - (OptionalMessage_ERROR) IP (RCC) : Invalid parameter (FamilyName)
2026-01-21 11:09:50,936 DEBUG [LineInfo_to_exitCode.log_LineInfo] 2026-01-21 11:09:50,935 [INFO] ImportTextPane:234 - (OptionalMessage_ERROR) IP (RCC) : Parameter (USBFreq_Value) has invalid value (72000000)
2026-01-21 11:09:50,958 DEBUG [LineInfo_to_exitCode.log_LineInfo] 2026-01-21 11:09:50,958 [INFO] ImportTextPane:234 - (OptionalMessage_ERROR) IP (TIM1) : Parameter (TIM_SlaveMode) has invalid value (TIM_SLAVEMODE_TRIGGER)
2026-01-21 11:09:51,244 DEBUG [LineInfo_to_exitCode.log_LineInfo] 2026-01-21 11:09:51,243 [INFO] UtilMem:75 - End LoadConfig() Used Memory: 197648280 Bytes (511705088)
2026-01-21 11:09:51,485 DEBUG [LineInfo_to_exitCode.log_LineInfo] 2026-01-21 11:09:51,485 [INFO] ThirdParty:835 - entering critical section [change project]
2026-01-21 11:09:51,485 DEBUG [LineInfo_to_exitCode.log_LineInfo] 2026-01-21 11:09:51,485 [INFO] ThirdParty:1030 - CMSIS Pack Vendor :STMicroelectronics X-CUBE-PM33A1 1.0.0
2026-01-21 11:09:51,485 DEBUG [LineInfo_to_exitCode.log_LineInfo] 2026-01-21 11:09:51,485 [INFO] ThirdParty:1030 - CMSIS Pack Vendor :STMicroelectronics USBPD 4.1
2026-01-21 11:09:51,485 DEBUG [LineInfo_to_exitCode.log_LineInfo] 2026-01-21 11:09:51,485 [INFO] ThirdParty:1030 - CMSIS Pack Vendor :STMicroelectronics X-CUBE-NFC9 1.0.0
2026-01-21 11:09:51,485 DEBUG [LineInfo_to_exitCode.log_LineInfo] 2026-01-21 11:09:51,485 [INFO] ThirdParty:1030 - CMSIS Pack Vendor :STMicroelectronics USB_HOST 2.0.0
2026-01-21 11:09:51,485 DEBUG [LineInfo_to_exitCode.log_LineInfo] 2026-01-21 11:09:51,485 [INFO] ThirdParty:1030 - CMSIS Pack Vendor :STMicroelectronics FP-SNS-MOTENVWB1 1.4.0
2026-01-21 11:09:51,486 DEBUG [LineInfo_to_exitCode.log_LineInfo] 2026-01-21 11:09:51,485 [INFO] ThirdParty:1030 - CMSIS Pack Vendor :STMicroelectronics X-CUBE-AZRTOS-F4 1.1.0
2026-01-21 11:09:51,486 DEBUG [LineInfo_to_exitCode.log_LineInfo] 2026-01-21 11:09:51,485 [INFO] ThirdParty:1030 - CMSIS Pack Vendor :STMicroelectronics LIBJPEG 8.0.0
2026-01-21 11:09:51,486 DEBUG [LineInfo_to_exitCode.log_LineInfo] 2026-01-21 11:09:51,485 [INFO] ThirdParty:1030 - CMSIS Pack Vendor :STMicroelectronics FP-ATR-ASTRA1 2.0.2
2026-01-21 11:09:51,486 DEBUG [LineInfo_to_exitCode.log_LineInfo] 2026-01-21 11:09:51,485 [INFO] ThirdParty:1030 - CMSIS Pack Vendor :STMicroelectronics X-CUBE-BLE1 7.1.0
2026-01-21 11:09:51,486 DEBUG [LineInfo_to_exitCode.log_LineInfo] 2026-01-21 11:09:51,485 [INFO] ThirdParty:1030 - CMSIS Pack Vendor :STMicroelectronics X-CUBE-SMBUS 2.1.0
2026-01-21 11:09:51,486 DEBUG [LineInfo_to_exitCode.log_LineInfo] 2026-01-21 11:09:51,485 [INFO] ThirdParty:1030 - CMSIS Pack Vendor :STMicroelectronics USB_DEVICE 3.0.0
2026-01-21 11:09:51,486 DEBUG [LineInfo_to_exitCode.log_LineInfo] 2026-01-21 11:09:51,485 [INFO] ThirdParty:1030 - CMSIS Pack Vendor :STMicroelectronics X-CUBE-ISPU 2.1.0
2026-01-21 11:09:51,486 DEBUG [LineInfo_to_exitCode.log_LineInfo] 2026-01-21 11:09:51,485 [INFO] ThirdParty:1030 - CMSIS Pack Vendor :STMicroelectronics X-CUBE-AZRTOS-WB 2.0.0
2026-01-21 11:09:51,487 DEBUG [LineInfo_to_exitCode.log_LineInfo] 2026-01-21 11:09:51,485 [INFO] ThirdParty:1030 - CMSIS Pack Vendor :STMicroelectronics X-CUBE-AZRTOS-F7 1.1.0
2026-01-21 11:09:51,487 DEBUG [LineInfo_to_exitCode.log_LineInfo] 2026-01-21 11:09:51,485 [INFO] ThirdParty:1030 - CMSIS Pack Vendor :STMicroelectronics X-CUBE-AZRTOS-L5 2.0.0
2026-01-21 11:09:51,487 DEBUG [LineInfo_to_exitCode.log_LineInfo] 2026-01-21 11:09:51,486 [INFO] ThirdParty:1030 - CMSIS Pack Vendor :STMicroelectronics USB_DEVICE 2.0.0
2026-01-21 11:09:51,487 DEBUG [LineInfo_to_exitCode.log_LineInfo] 2026-01-21 11:09:51,486 [INFO] ThirdParty:1030 - CMSIS Pack Vendor :STMicroelectronics X-CUBE-NFC6 3.1.0
2026-01-21 11:09:51,487 DEBUG [LineInfo_to_exitCode.log_LineInfo] 2026-01-21 11:09:51,486 [INFO] ThirdParty:1030 - CMSIS Pack Vendor :STMicroelectronics FreeRTOS 0.0.1
2026-01-21 11:09:51,487 DEBUG [LineInfo_to_exitCode.log_LineInfo] 2026-01-21 11:09:51,486 [INFO] ThirdParty:1030 - CMSIS Pack Vendor :STMicroelectronics X-CUBE-AZRTOS-G0 1.1.0
2026-01-21 11:09:51,488 DEBUG [LineInfo_to_exitCode.log_LineInfo] 2026-01-21 11:09:51,486 [INFO] ThirdParty:1030 - CMSIS Pack Vendor :STMicroelectronics X-CUBE-NFC4 3.0.0
2026-01-21 11:09:51,488 DEBUG [LineInfo_to_exitCode.log_LineInfo] 2026-01-21 11:09:51,486 [INFO] ThirdParty:1030 - CMSIS Pack Vendor :STMicroelectronics X-CUBE-SUBG2 5.0.0
2026-01-21 11:09:51,488 DEBUG [LineInfo_to_exitCode.log_LineInfo] 2026-01-21 11:09:51,486 [INFO] ThirdParty:1030 - CMSIS Pack Vendor :STMicroelectronics STM32_WPAN 1.0.0
2026-01-21 11:09:51,488 DEBUG [LineInfo_to_exitCode.log_LineInfo] 2026-01-21 11:09:51,486 [INFO] ThirdParty:1030 - CMSIS Pack Vendor :STMicroelectronics lwIP 2.0.3
2026-01-21 11:09:51,488 DEBUG [LineInfo_to_exitCode.log_LineInfo] 2026-01-21 11:09:51,486 [INFO] ThirdParty:1030 - CMSIS Pack Vendor :STMicroelectronics USB_HOST 1.0.0
2026-01-21 11:09:51,488 DEBUG [LineInfo_to_exitCode.log_LineInfo] 2026-01-21 11:09:51,486 [INFO] ThirdParty:1030 - CMSIS Pack Vendor :STMicroelectronics X-CUBE-AZRTOS-G4 2.0.0
2026-01-21 11:09:51,488 DEBUG [LineInfo_to_exitCode.log_LineInfo] 2026-01-21 11:09:51,486 [INFO] ThirdParty:1030 - CMSIS Pack Vendor :STMicroelectronics X-CUBE-WB05N 2.0.0
2026-01-21 11:09:51,488 DEBUG [LineInfo_to_exitCode.log_LineInfo] 2026-01-21 11:09:51,486 [INFO] ThirdParty:1030 - CMSIS Pack Vendor :STMicroelectronics PDM2PCM 3.1.0
2026-01-21 11:09:51,488 DEBUG [LineInfo_to_exitCode.log_LineInfo] 2026-01-21 11:09:51,486 [INFO] ThirdParty:1030 - CMSIS Pack Vendor :STMicroelectronics PDM2PCM 3.3.0
2026-01-21 11:09:51,488 DEBUG [LineInfo_to_exitCode.log_LineInfo] 2026-01-21 11:09:51,486 [INFO] ThirdParty:1030 - CMSIS Pack Vendor :STMicroelectronics X-CUBE-DISPLAY 3.0.0
2026-01-21 11:09:51,489 DEBUG [LineInfo_to_exitCode.log_LineInfo] 2026-01-21 11:09:51,486 [INFO] ThirdParty:1030 - CMSIS Pack Vendor :STMicroelectronics X-CUBE-NFC7 2.0.0
2026-01-21 11:09:51,489 DEBUG [LineInfo_to_exitCode.log_LineInfo] 2026-01-21 11:09:51,487 [INFO] ThirdParty:1030 - CMSIS Pack Vendor :STMicroelectronics X-CUBE-TCPP 4.2.0
2026-01-21 11:09:51,489 DEBUG [LineInfo_to_exitCode.log_LineInfo] 2026-01-21 11:09:51,487 [INFO] ThirdParty:1030 - CMSIS Pack Vendor :STMicroelectronics FP-ATR-SIGFOX1 3.2.0
2026-01-21 11:09:51,489 DEBUG [LineInfo_to_exitCode.log_LineInfo] 2026-01-21 11:09:51,487 [INFO] ThirdParty:1030 - CMSIS Pack Vendor :STMicroelectronics X-CUBE-NFC10 1.0.0
2026-01-21 11:09:51,490 DEBUG [LineInfo_to_exitCode.log_LineInfo] 2026-01-21 11:09:51,487 [INFO] ThirdParty:1030 - CMSIS Pack Vendor :STMicroelectronics HAL Drivers 0.0.0
2026-01-21 11:09:51,490 DEBUG [LineInfo_to_exitCode.log_LineInfo] 2026-01-21 11:09:51,487 [INFO] ThirdParty:1030 - CMSIS Pack Vendor :STMicroelectronics MBEDTLS 2.16.2
2026-01-21 11:09:51,490 DEBUG [LineInfo_to_exitCode.log_LineInfo] 2026-01-21 11:09:51,487 [INFO] ThirdParty:1030 - CMSIS Pack Vendor :STMicroelectronics X-CUBE-ALS 1.0.2
2026-01-21 11:09:51,490 DEBUG [LineInfo_to_exitCode.log_LineInfo] 2026-01-21 11:09:51,487 [INFO] ThirdParty:1030 - CMSIS Pack Vendor :STMicroelectronics MBEDTLS 2.14.1
2026-01-21 11:09:51,490 DEBUG [LineInfo_to_exitCode.log_LineInfo] 2026-01-21 11:09:51,487 [INFO] ThirdParty:1030 - CMSIS Pack Vendor :STMicroelectronics ThreadX 1.0.0
2026-01-21 11:09:51,490 DEBUG [LineInfo_to_exitCode.log_LineInfo] 2026-01-21 11:09:51,487 [INFO] ThirdParty:1030 - CMSIS Pack Vendor :STMicroelectronics FP-SNS-SMARTAG2 1.2.0
2026-01-21 11:09:51,490 DEBUG [LineInfo_to_exitCode.log_LineInfo] 2026-01-21 11:09:51,487 [INFO] ThirdParty:1030 - CMSIS Pack Vendor :STMicroelectronics FP-SNS-FLIGHT1 5.1.0
2026-01-21 11:09:51,491 DEBUG [LineInfo_to_exitCode.log_LineInfo] 2026-01-21 11:09:51,487 [INFO] ThirdParty:1030 - CMSIS Pack Vendor :STMicroelectronics X-CUBE-AZRTOS-WL 2.0.0
2026-01-21 11:09:51,491 DEBUG [LineInfo_to_exitCode.log_LineInfo] 2026-01-21 11:09:51,488 [INFO] ThirdParty:1030 - CMSIS Pack Vendor :STMicroelectronics X-CUBE-ALGOBUILD 1.4.0
2026-01-21 11:09:51,491 DEBUG [LineInfo_to_exitCode.log_LineInfo] 2026-01-21 11:09:51,488 [INFO] ThirdParty:1030 - CMSIS Pack Vendor :STMicroelectronics X-CUBE-DPower 1.3.0
2026-01-21 11:09:51,491 DEBUG [LineInfo_to_exitCode.log_LineInfo] 2026-01-21 11:09:51,488 [INFO] ThirdParty:1030 - CMSIS Pack Vendor :STMicroelectronics USB_DEVICE 1.0.0
2026-01-21 11:09:51,491 DEBUG [LineInfo_to_exitCode.log_LineInfo] 2026-01-21 11:09:51,488 [INFO] ThirdParty:1030 - CMSIS Pack Vendor :STMicroelectronics X-CUBE-AZRTOS-L4 2.0.0
2026-01-21 11:09:51,491 DEBUG [LineInfo_to_exitCode.log_LineInfo] 2026-01-21 11:09:51,488 [INFO] ThirdParty:1030 - CMSIS Pack Vendor :STMicroelectronics ThreadX 0.0.2
2026-01-21 11:09:51,492 DEBUG [LineInfo_to_exitCode.log_LineInfo] 2026-01-21 11:09:51,488 [INFO] ThirdParty:1030 - CMSIS Pack Vendor :STMicroelectronics lwIP 2.1.2
2026-01-21 11:09:51,492 DEBUG [LineInfo_to_exitCode.log_LineInfo] 2026-01-21 11:09:51,488 [INFO] ThirdParty:1030 - CMSIS Pack Vendor :STMicroelectronics X-CUBE-SFXS2LP1 4.0.0
2026-01-21 11:09:51,492 DEBUG [LineInfo_to_exitCode.log_LineInfo] 2026-01-21 11:09:51,488 [INFO] ThirdParty:1030 - CMSIS Pack Vendor :STMicroelectronics X-CUBE-BLE2 3.3.0
2026-01-21 11:09:51,492 DEBUG [LineInfo_to_exitCode.log_LineInfo] 2026-01-21 11:09:51,488 [INFO] ThirdParty:1030 - CMSIS Pack Vendor :STMicroelectronics X-CUBE-TOF1 3.4.3
2026-01-21 11:09:51,492 DEBUG [LineInfo_to_exitCode.log_LineInfo] 2026-01-21 11:09:51,488 [INFO] ThirdParty:1030 - CMSIS Pack Vendor :STMicroelectronics PDM2PCM 3.2.0
2026-01-21 11:09:51,492 DEBUG [LineInfo_to_exitCode.log_LineInfo] 2026-01-21 11:09:51,488 [INFO] ThirdParty:841 - exiting critical section [change project]
2026-01-21 11:09:51,972 DEBUG [LineInfo_to_exitCode.log_LineInfo] 2026-01-21 11:09:51,972 [INFO] PinOutPanel:1589 - setPackage(No Configuration,No Configuration)
2026-01-21 11:09:51,974 DEBUG [LineInfo_to_exitCode.log_LineInfo] 2026-01-21 11:09:51,973 [INFO] PinOutPanel:1589 - setPackage(STM32F303RETx,LQFP64)
2026-01-21 11:09:52,563 DEBUG [LineInfo_to_exitCode.log_LineInfo] 2026-01-21 11:09:52,562 [INFO] UtilMem:75 - Before build in PCC Used Memory: 225022464 Bytes (511705088)
2026-01-21 11:09:53,198 DEBUG [LineInfo_to_exitCode.log_LineInfo] 2026-01-21 11:09:53,198 [INFO] UtilMem:75 - After build in PCC Used Memory: 282692096 Bytes (511705088)
2026-01-21 11:09:53,346 DEBUG [LineInfo_to_exitCode.log_LineInfo] 2026-01-21 11:09:53,346 [INFO] ApiDbMcu:532 - Load IP Config File for MotorControl
2026-01-21 11:09:53,379 DEBUG [LineInfo_to_exitCode.log_LineInfo] 2026-01-21 11:09:53,378 [INFO] IPUIPlugin:80 - create IPUIPlugin
2026-01-21 11:09:53,379 DEBUG [LineInfo_to_exitCode.log_LineInfo] 2026-01-21 11:09:53,379 [INFO] IPUIPlugin:80 - create IPUIPlugin
2026-01-21 11:09:53,379 DEBUG [LineInfo_to_exitCode.log_LineInfo] 2026-01-21 11:09:53,379 [INFO] IPUIPlugin:80 - create IPUIPlugin
2026-01-21 11:09:53,380 DEBUG [LineInfo_to_exitCode.log_LineInfo] 2026-01-21 11:09:53,379 [INFO] IPUIPlugin:80 - create IPUIPlugin
2026-01-21 11:09:53,380 DEBUG [LineInfo_to_exitCode.log_LineInfo] 2026-01-21 11:09:53,379 [INFO] IPUIPlugin:80 - create IPUIPlugin
2026-01-21 11:09:53,380 DEBUG [LineInfo_to_exitCode.log_LineInfo] 2026-01-21 11:09:53,379 [INFO] IPUIPlugin:80 - create IPUIPlugin
2026-01-21 11:09:53,380 DEBUG [LineInfo_to_exitCode.log_LineInfo] 2026-01-21 11:09:53,379 [INFO] IPUIPlugin:80 - create IPUIPlugin
2026-01-21 11:09:53,380 DEBUG [LineInfo_to_exitCode.log_LineInfo] 2026-01-21 11:09:53,379 [INFO] IPUIPlugin:80 - create IPUIPlugin
2026-01-21 11:09:53,380 DEBUG [LineInfo_to_exitCode.log_LineInfo] 2026-01-21 11:09:53,379 [INFO] IPUIPlugin:80 - create IPUIPlugin
2026-01-21 11:09:53,381 DEBUG [LineInfo_to_exitCode.log_LineInfo] 2026-01-21 11:09:53,379 [INFO] IPUIPlugin:80 - create IPUIPlugin
2026-01-21 11:09:53,381 DEBUG [LineInfo_to_exitCode.log_LineInfo] 2026-01-21 11:09:53,379 [INFO] IPUIPlugin:80 - create IPUIPlugin
2026-01-21 11:09:53,381 DEBUG [LineInfo_to_exitCode.log_LineInfo] 2026-01-21 11:09:53,379 [INFO] IPUIPlugin:80 - create IPUIPlugin
2026-01-21 11:09:53,381 DEBUG [LineInfo_to_exitCode.log_LineInfo] 2026-01-21 11:09:53,379 [INFO] IPUIPlugin:80 - create IPUIPlugin
2026-01-21 11:09:53,381 DEBUG [LineInfo_to_exitCode.log_LineInfo] 2026-01-21 11:09:53,380 [INFO] IPUIPlugin:80 - create IPUIPlugin
2026-01-21 11:09:53,381 DEBUG [LineInfo_to_exitCode.log_LineInfo] 2026-01-21 11:09:53,380 [INFO] IPUIPlugin:80 - create IPUIPlugin
2026-01-21 11:09:53,381 DEBUG [LineInfo_to_exitCode.log_LineInfo] 2026-01-21 11:09:53,380 [INFO] IPUIPlugin:80 - create IPUIPlugin
2026-01-21 11:09:53,381 DEBUG [LineInfo_to_exitCode.log_LineInfo] 2026-01-21 11:09:53,380 [INFO] IPUIPlugin:80 - create IPUIPlugin
2026-01-21 11:09:53,381 DEBUG [LineInfo_to_exitCode.log_LineInfo] 2026-01-21 11:09:53,380 [INFO] IPUIPlugin:80 - create IPUIPlugin
2026-01-21 11:09:53,382 DEBUG [LineInfo_to_exitCode.log_LineInfo] 2026-01-21 11:09:53,380 [INFO] IPUIPlugin:80 - create IPUIPlugin
2026-01-21 11:09:53,382 DEBUG [LineInfo_to_exitCode.log_LineInfo] 2026-01-21 11:09:53,380 [INFO] IPUIPlugin:80 - create IPUIPlugin
2026-01-21 11:09:53,382 DEBUG [LineInfo_to_exitCode.log_LineInfo] 2026-01-21 11:09:53,381 [INFO] IPUIPlugin:80 - create IPUIPlugin
2026-01-21 11:09:53,382 DEBUG [LineInfo_to_exitCode.log_LineInfo] 2026-01-21 11:09:53,381 [INFO] IPUIPlugin:80 - create IPUIPlugin
2026-01-21 11:09:53,382 DEBUG [LineInfo_to_exitCode.log_LineInfo] 2026-01-21 11:09:53,381 [INFO] IPUIPlugin:80 - create IPUIPlugin
2026-01-21 11:09:53,382 DEBUG [LineInfo_to_exitCode.log_LineInfo] 2026-01-21 11:09:53,381 [INFO] IPUIPlugin:80 - create IPUIPlugin
2026-01-21 11:09:53,382 DEBUG [LineInfo_to_exitCode.log_LineInfo] 2026-01-21 11:09:53,382 [INFO] IPUIPlugin:80 - create IPUIPlugin
2026-01-21 11:09:53,382 DEBUG [LineInfo_to_exitCode.log_LineInfo] 2026-01-21 11:09:53,382 [INFO] IPUIPlugin:80 - create IPUIPlugin
2026-01-21 11:09:53,383 DEBUG [LineInfo_to_exitCode.log_LineInfo] 2026-01-21 11:09:53,382 [INFO] IPUIPlugin:80 - create IPUIPlugin
2026-01-21 11:09:53,383 DEBUG [LineInfo_to_exitCode.log_LineInfo] 2026-01-21 11:09:53,383 [INFO] IPUIPlugin:80 - create IPUIPlugin
2026-01-21 11:09:53,383 DEBUG [LineInfo_to_exitCode.log_LineInfo] 2026-01-21 11:09:53,383 [INFO] IPUIPlugin:80 - create IPUIPlugin
2026-01-21 11:09:53,383 DEBUG [LineInfo_to_exitCode.log_LineInfo] 2026-01-21 11:09:53,383 [INFO] IPUIPlugin:80 - create IPUIPlugin
2026-01-21 11:09:53,384 DEBUG [LineInfo_to_exitCode.log_LineInfo] 2026-01-21 11:09:53,383 [INFO] IPUIPlugin:80 - create IPUIPlugin
2026-01-21 11:09:53,384 DEBUG [LineInfo_to_exitCode.log_LineInfo] 2026-01-21 11:09:53,384 [INFO] IPUIPlugin:80 - create IPUIPlugin
2026-01-21 11:09:53,384 DEBUG [LineInfo_to_exitCode.log_LineInfo] 2026-01-21 11:09:53,384 [INFO] IPUIPlugin:80 - create IPUIPlugin
2026-01-21 11:09:53,385 DEBUG [LineInfo_to_exitCode.log_LineInfo] 2026-01-21 11:09:53,384 [INFO] IPUIPlugin:80 - create IPUIPlugin
2026-01-21 11:09:53,385 DEBUG [LineInfo_to_exitCode.log_LineInfo] 2026-01-21 11:09:53,385 [INFO] IPUIPlugin:80 - create IPUIPlugin
2026-01-21 11:09:53,385 DEBUG [LineInfo_to_exitCode.log_LineInfo] 2026-01-21 11:09:53,385 [INFO] IPUIPlugin:80 - create IPUIPlugin
2026-01-21 11:09:53,386 DEBUG [LineInfo_to_exitCode.log_LineInfo] 2026-01-21 11:09:53,385 [INFO] IPUIPlugin:80 - create IPUIPlugin
2026-01-21 11:09:53,386 DEBUG [LineInfo_to_exitCode.log_LineInfo] 2026-01-21 11:09:53,386 [INFO] IPUIPlugin:80 - create IPUIPlugin
2026-01-21 11:09:53,386 DEBUG [LineInfo_to_exitCode.log_LineInfo] 2026-01-21 11:09:53,386 [INFO] IPUIPlugin:80 - create IPUIPlugin
2026-01-21 11:09:53,387 DEBUG [LineInfo_to_exitCode.log_LineInfo] 2026-01-21 11:09:53,387 [INFO] IPUIPlugin:80 - create IPUIPlugin
2026-01-21 11:09:53,387 DEBUG [LineInfo_to_exitCode.log_LineInfo] 2026-01-21 11:09:53,387 [INFO] IPUIPlugin:80 - create IPUIPlugin
2026-01-21 11:09:53,388 DEBUG [LineInfo_to_exitCode.log_LineInfo] 2026-01-21 11:09:53,388 [INFO] IPUIPlugin:80 - create IPUIPlugin
2026-01-21 11:09:53,388 DEBUG [LineInfo_to_exitCode.log_LineInfo] 2026-01-21 11:09:53,388 [INFO] IPUIPlugin:80 - create IPUIPlugin
2026-01-21 11:09:53,388 DEBUG [LineInfo_to_exitCode.log_LineInfo] 2026-01-21 11:09:53,388 [INFO] IPUIPlugin:80 - create IPUIPlugin
2026-01-21 11:09:53,389 DEBUG [LineInfo_to_exitCode.log_LineInfo] 2026-01-21 11:09:53,389 [INFO] IPUIPlugin:80 - create IPUIPlugin
2026-01-21 11:09:53,390 DEBUG [LineInfo_to_exitCode.log_LineInfo] 2026-01-21 11:09:53,389 [INFO] IPUIPlugin:80 - create IPUIPlugin
2026-01-21 11:09:53,390 DEBUG [LineInfo_to_exitCode.log_LineInfo] 2026-01-21 11:09:53,390 [INFO] IPUIPlugin:80 - create IPUIPlugin
2026-01-21 11:09:53,390 DEBUG [LineInfo_to_exitCode.log_LineInfo] 2026-01-21 11:09:53,390 [INFO] IPUIPlugin:80 - create IPUIPlugin
2026-01-21 11:09:53,391 DEBUG [LineInfo_to_exitCode.log_LineInfo] 2026-01-21 11:09:53,391 [INFO] IPUIPlugin:80 - create IPUIPlugin
2026-01-21 11:09:53,391 DEBUG [LineInfo_to_exitCode.log_LineInfo] 2026-01-21 11:09:53,391 [INFO] IPUIPlugin:80 - create IPUIPlugin
2026-01-21 11:09:53,392 DEBUG [LineInfo_to_exitCode.log_LineInfo] 2026-01-21 11:09:53,392 [INFO] IPUIPlugin:80 - create IPUIPlugin
2026-01-21 11:09:53,392 DEBUG [LineInfo_to_exitCode.log_LineInfo] 2026-01-21 11:09:53,392 [INFO] IPUIPlugin:80 - create IPUIPlugin
2026-01-21 11:09:53,393 DEBUG [LineInfo_to_exitCode.log_LineInfo] 2026-01-21 11:09:53,393 [INFO] IPUIPlugin:80 - create IPUIPlugin
2026-01-21 11:09:53,393 DEBUG [LineInfo_to_exitCode.log_LineInfo] 2026-01-21 11:09:53,393 [INFO] IPUIPlugin:80 - create IPUIPlugin
2026-01-21 11:09:53,393 DEBUG [LineInfo_to_exitCode.log_LineInfo] 2026-01-21 11:09:53,393 [INFO] IPUIPlugin:80 - create IPUIPlugin
2026-01-21 11:09:53,394 DEBUG [LineInfo_to_exitCode.log_LineInfo] 2026-01-21 11:09:53,394 [INFO] IPUIPlugin:80 - create IPUIPlugin
2026-01-21 11:09:53,394 DEBUG [LineInfo_to_exitCode.log_LineInfo] 2026-01-21 11:09:53,394 [INFO] IPUIPlugin:80 - create IPUIPlugin
2026-01-21 11:09:53,687 DEBUG [LineInfo_to_exitCode.log_LineInfo] 2026-01-21 11:09:53,686 [INFO] CADModel:165 - CPN selected for project levelSTM32F303RET6
2026-01-21 11:09:53,687 DEBUG [LineInfo_to_exitCode.log_LineInfo] 2026-01-21 11:09:53,686 [INFO] CADModel:114 - Register for checkConnection events
2026-01-21 11:09:53,941 DEBUG [LineInfo_to_exitCode.log_LineInfo] 2026-01-21 11:09:53,941 [INFO] OpenFileManager:386 - Restore cursor
2026-01-21 11:09:54,487 DEBUG [LineInfo_to_exitCode.log_LineInfo] 2026-01-21 11:09:54,487 [INFO] UtilMem:75 - End SaveConfig() Used Memory: 391887136 Bytes (511705088)
2026-01-21 11:09:55,126 DEBUG [LineInfo_to_exitCode.log_LineInfo] 2026-01-21 11:09:55,126 [INFO] BlockDiagram:2775 - set Specific Code input for plugin: MotorControl
2026-01-21 11:09:55,126 DEBUG [LineInfo_to_exitCode.log_LineInfo] 2026-01-21 11:09:55,126 [INFO] BlockDiagram:2775 - set Specific Code input for plugin: TIM1_8F3
2026-01-21 11:09:55,126 DEBUG [LineInfo_to_exitCode.log_LineInfo] 2026-01-21 11:09:55,126 [INFO] BlockDiagram:2775 - set Specific Code input for plugin: TIM1_8F3
2026-01-21 11:09:55,126 DEBUG [LineInfo_to_exitCode.log_LineInfo] 2026-01-21 11:09:55,126 [INFO] BlockDiagram:2775 - set Specific Code input for plugin: ADC
2026-01-21 11:09:55,127 DEBUG [LineInfo_to_exitCode.log_LineInfo] 2026-01-21 11:09:55,126 [INFO] BlockDiagram:2775 - set Specific Code input for plugin: SYS
2026-01-21 11:09:55,127 DEBUG [LineInfo_to_exitCode.log_LineInfo] 2026-01-21 11:09:55,126 [INFO] BlockDiagram:2775 - set Specific Code input for plugin: ADC
2026-01-21 11:09:55,127 DEBUG [LineInfo_to_exitCode.log_LineInfo] 2026-01-21 11:09:55,126 [INFO] BlockDiagram:2775 - set Specific Code input for plugin: RCC
2026-01-21 11:09:55,127 DEBUG [LineInfo_to_exitCode.log_LineInfo] 2026-01-21 11:09:55,126 [INFO] BlockDiagram:2775 - set Specific Code input for plugin: NVIC
2026-01-21 11:09:55,127 DEBUG [LineInfo_to_exitCode.log_LineInfo] 2026-01-21 11:09:55,127 [INFO] BlockDiagram:2775 - set Specific Code input for plugin: GPIO
2026-01-21 11:09:55,131 DEBUG [LineInfo_to_exitCode.log_LineInfo] 2026-01-21 11:09:55,130 [INFO] CodeGenerator:892 - code generatio: config db path: C:\Users\User\AppData\Local\Programs\STM32CubeMX\\db\
2026-01-21 11:09:55,363 DEBUG [LineInfo_to_exitCode.log_LineInfo] 2026-01-21 11:09:55,363 [INFO] CodeEngine:265 - oldGeneratedFile, D:\MotorControl\STLM-24-25-1\MXTmpFiles\license.tmp_save
2026-01-21 11:09:55,796 DEBUG [LineInfo_to_exitCode.log_LineInfo] 2026-01-21 11:09:55,795 [INFO] CodeEngine:289 - Generated code: D:\MotorControl\STLM-24-25-1\MXTmpFiles\license.tmp
2026-01-21 11:09:55,905 DEBUG [LineInfo_to_exitCode.log_LineInfo] 2026-01-21 11:09:55,905 [INFO] CodeEngine:265 - oldGeneratedFile, D:\MotorControl\STLM-24-25-1\MXTmpFiles\gpio.tmp_save
2026-01-21 11:09:56,093 DEBUG [LineInfo_to_exitCode.log_LineInfo] 2026-01-21 11:09:56,093 [INFO] CodeEngine:289 - Generated code: D:\MotorControl\STLM-24-25-1\MXTmpFiles\gpio.tmp
2026-01-21 11:09:56,832 DEBUG [LineInfo_to_exitCode.log_LineInfo] 2026-01-21 11:09:56,832 [INFO] Middleware:1452 - No code input for Bsp Dependency
2026-01-21 11:09:57,128 DEBUG [LineInfo_to_exitCode.log_LineInfo] 2026-01-21 11:09:57,128 [INFO] Middleware:1452 - No code input for Bsp Dependency
2026-01-21 11:09:57,187 DEBUG [LineInfo_to_exitCode.log_LineInfo] 2026-01-21 11:09:57,186 [INFO] CodeEngine:265 - oldGeneratedFile, D:\MotorControl\STLM-24-25-1\Src\motorcontrol.c_save
2026-01-21 11:09:57,358 INFO  [LineInfo_to_exitCode.log_LineInfo] Generated code: D:\MotorControl\STLM-24-25-1\Src\motorcontrol.c
2026-01-21 11:09:57,365 DEBUG [LineInfo_to_exitCode.log_LineInfo] 2026-01-21 11:09:57,364 [INFO] CodeEngine:265 - oldGeneratedFile, D:\MotorControl\STLM-24-25-1\Inc\motorcontrol.h_save
2026-01-21 11:09:57,469 INFO  [LineInfo_to_exitCode.log_LineInfo] Generated code: D:\MotorControl\STLM-24-25-1\Inc\motorcontrol.h
2026-01-21 11:09:57,477 DEBUG [LineInfo_to_exitCode.log_LineInfo] 2026-01-21 11:09:57,477 [INFO] CodeEngine:265 - oldGeneratedFile, D:\MotorControl\STLM-24-25-1\Inc\drive_parameters.h_save
2026-01-21 11:09:57,675 INFO  [LineInfo_to_exitCode.log_LineInfo] Generated code: D:\MotorControl\STLM-24-25-1\Inc\drive_parameters.h
2026-01-21 11:09:57,681 DEBUG [LineInfo_to_exitCode.log_LineInfo] 2026-01-21 11:09:57,681 [INFO] CodeEngine:265 - oldGeneratedFile, D:\MotorControl\STLM-24-25-1\Inc\mc_type.h_save
2026-01-21 11:09:57,807 INFO  [LineInfo_to_exitCode.log_LineInfo] Generated code: D:\MotorControl\STLM-24-25-1\Inc\mc_type.h
2026-01-21 11:09:57,825 DEBUG [LineInfo_to_exitCode.log_LineInfo] 2026-01-21 11:09:57,825 [INFO] CodeEngine:265 - oldGeneratedFile, D:\MotorControl\STLM-24-25-1\Src\speed_torq_ctrl.c_save
2026-01-21 11:09:57,952 INFO  [LineInfo_to_exitCode.log_LineInfo] Generated code: D:\MotorControl\STLM-24-25-1\Src\speed_torq_ctrl.c
2026-01-21 11:09:57,970 DEBUG [LineInfo_to_exitCode.log_LineInfo] 2026-01-21 11:09:57,970 [INFO] CodeEngine:265 - oldGeneratedFile, D:\MotorControl\STLM-24-25-1\Inc\speed_torq_ctrl.h_save
2026-01-21 11:09:58,094 INFO  [LineInfo_to_exitCode.log_LineInfo] Generated code: D:\MotorControl\STLM-24-25-1\Inc\speed_torq_ctrl.h
2026-01-21 11:09:58,113 DEBUG [LineInfo_to_exitCode.log_LineInfo] 2026-01-21 11:09:58,112 [INFO] CodeEngine:265 - oldGeneratedFile, D:\MotorControl\STLM-24-25-1\Inc\mc_tasks.h_save
2026-01-21 11:09:58,228 INFO  [LineInfo_to_exitCode.log_LineInfo] Generated code: D:\MotorControl\STLM-24-25-1\Inc\mc_tasks.h
2026-01-21 11:09:58,234 DEBUG [LineInfo_to_exitCode.log_LineInfo] 2026-01-21 11:09:58,233 [INFO] CodeEngine:265 - oldGeneratedFile, D:\MotorControl\STLM-24-25-1\Src\pwm_common.c_save
2026-01-21 11:09:58,339 INFO  [LineInfo_to_exitCode.log_LineInfo] Generated code: D:\MotorControl\STLM-24-25-1\Src\pwm_common.c
2026-01-21 11:09:58,344 DEBUG [LineInfo_to_exitCode.log_LineInfo] 2026-01-21 11:09:58,344 [INFO] CodeEngine:265 - oldGeneratedFile, D:\MotorControl\STLM-24-25-1\Inc\pwm_common.h_save
2026-01-21 11:09:58,434 INFO  [LineInfo_to_exitCode.log_LineInfo] Generated code: D:\MotorControl\STLM-24-25-1\Inc\pwm_common.h
2026-01-21 11:09:58,442 DEBUG [LineInfo_to_exitCode.log_LineInfo] 2026-01-21 11:09:58,442 [INFO] CodeEngine:265 - oldGeneratedFile, D:\MotorControl\STLM-24-25-1\Src\mc_api.c_save
2026-01-21 11:09:58,603 INFO  [LineInfo_to_exitCode.log_LineInfo] Generated code: D:\MotorControl\STLM-24-25-1\Src\mc_api.c
2026-01-21 11:09:58,620 DEBUG [LineInfo_to_exitCode.log_LineInfo] 2026-01-21 11:09:58,620 [INFO] CodeEngine:265 - oldGeneratedFile, D:\MotorControl\STLM-24-25-1\Inc\mc_api.h_save
2026-01-21 11:09:58,722 INFO  [LineInfo_to_exitCode.log_LineInfo] Generated code: D:\MotorControl\STLM-24-25-1\Inc\mc_api.h
2026-01-21 11:09:58,729 DEBUG [LineInfo_to_exitCode.log_LineInfo] 2026-01-21 11:09:58,728 [INFO] CodeEngine:265 - oldGeneratedFile, D:\MotorControl\STLM-24-25-1\Src\mc_config.c_save
2026-01-21 11:09:58,885 INFO  [LineInfo_to_exitCode.log_LineInfo] Generated code: D:\MotorControl\STLM-24-25-1\Src\mc_config.c
2026-01-21 11:09:58,901 DEBUG [LineInfo_to_exitCode.log_LineInfo] 2026-01-21 11:09:58,901 [INFO] CodeEngine:265 - oldGeneratedFile, D:\MotorControl\STLM-24-25-1\Src\mc_config_common.c_save
2026-01-21 11:09:59,021 INFO  [LineInfo_to_exitCode.log_LineInfo] Generated code: D:\MotorControl\STLM-24-25-1\Src\mc_config_common.c
2026-01-21 11:09:59,026 DEBUG [LineInfo_to_exitCode.log_LineInfo] 2026-01-21 11:09:59,026 [INFO] CodeEngine:265 - oldGeneratedFile, D:\MotorControl\STLM-24-25-1\Inc\mc_config.h_save
2026-01-21 11:09:59,122 INFO  [LineInfo_to_exitCode.log_LineInfo] Generated code: D:\MotorControl\STLM-24-25-1\Inc\mc_config.h
2026-01-21 11:09:59,128 DEBUG [LineInfo_to_exitCode.log_LineInfo] 2026-01-21 11:09:59,128 [INFO] CodeEngine:265 - oldGeneratedFile, D:\MotorControl\STLM-24-25-1\Inc\mc_config_common.h_save
2026-01-21 11:09:59,210 INFO  [LineInfo_to_exitCode.log_LineInfo] Generated code: D:\MotorControl\STLM-24-25-1\Inc\mc_config_common.h
2026-01-21 11:09:59,215 DEBUG [LineInfo_to_exitCode.log_LineInfo] 2026-01-21 11:09:59,215 [INFO] CodeEngine:265 - oldGeneratedFile, D:\MotorControl\STLM-24-25-1\Inc\mc_stm_types.h_save
2026-01-21 11:09:59,335 INFO  [LineInfo_to_exitCode.log_LineInfo] Generated code: D:\MotorControl\STLM-24-25-1\Inc\mc_stm_types.h
2026-01-21 11:09:59,343 DEBUG [LineInfo_to_exitCode.log_LineInfo] 2026-01-21 11:09:59,343 [INFO] CodeEngine:265 - oldGeneratedFile, D:\MotorControl\STLM-24-25-1\Src\mc_tasks.c_save
2026-01-21 11:09:59,502 INFO  [LineInfo_to_exitCode.log_LineInfo] Generated code: D:\MotorControl\STLM-24-25-1\Src\mc_tasks.c
2026-01-21 11:09:59,523 DEBUG [LineInfo_to_exitCode.log_LineInfo] 2026-01-21 11:09:59,522 [INFO] CodeEngine:265 - oldGeneratedFile, D:\MotorControl\STLM-24-25-1\Src\mc_tasks_foc.c_save
2026-01-21 11:09:59,700 INFO  [LineInfo_to_exitCode.log_LineInfo] Generated code: D:\MotorControl\STLM-24-25-1\Src\mc_tasks_foc.c
2026-01-21 11:09:59,718 DEBUG [LineInfo_to_exitCode.log_LineInfo] 2026-01-21 11:09:59,718 [INFO] CodeEngine:265 - oldGeneratedFile, D:\MotorControl\STLM-24-25-1\Src\pwm_curr_fdbk.c_save
2026-01-21 11:09:59,851 INFO  [LineInfo_to_exitCode.log_LineInfo] Generated code: D:\MotorControl\STLM-24-25-1\Src\pwm_curr_fdbk.c
2026-01-21 11:09:59,867 DEBUG [LineInfo_to_exitCode.log_LineInfo] 2026-01-21 11:09:59,867 [INFO] CodeEngine:265 - oldGeneratedFile, D:\MotorControl\STLM-24-25-1\Inc\pwm_curr_fdbk.h_save
2026-01-21 11:09:59,986 INFO  [LineInfo_to_exitCode.log_LineInfo] Generated code: D:\MotorControl\STLM-24-25-1\Inc\pwm_curr_fdbk.h
2026-01-21 11:10:00,003 DEBUG [LineInfo_to_exitCode.log_LineInfo] 2026-01-21 11:10:00,002 [INFO] CodeEngine:265 - oldGeneratedFile, D:\MotorControl\STLM-24-25-1\Src\regular_conversion_manager.c_save
2026-01-21 11:10:00,128 INFO  [LineInfo_to_exitCode.log_LineInfo] Generated code: D:\MotorControl\STLM-24-25-1\Src\regular_conversion_manager.c
2026-01-21 11:10:00,144 DEBUG [LineInfo_to_exitCode.log_LineInfo] 2026-01-21 11:10:00,144 [INFO] CodeEngine:265 - oldGeneratedFile, D:\MotorControl\STLM-24-25-1\Inc\regular_conversion_manager.h_save
2026-01-21 11:10:00,228 INFO  [LineInfo_to_exitCode.log_LineInfo] Generated code: D:\MotorControl\STLM-24-25-1\Inc\regular_conversion_manager.h
2026-01-21 11:10:00,234 DEBUG [LineInfo_to_exitCode.log_LineInfo] 2026-01-21 11:10:00,233 [INFO] CodeEngine:265 - oldGeneratedFile, D:\MotorControl\STLM-24-25-1\Src\mc_math.c_save
2026-01-21 11:10:00,354 INFO  [LineInfo_to_exitCode.log_LineInfo] Generated code: D:\MotorControl\STLM-24-25-1\Src\mc_math.c
2026-01-21 11:10:00,370 DEBUG [LineInfo_to_exitCode.log_LineInfo] 2026-01-21 11:10:00,369 [INFO] CodeEngine:265 - oldGeneratedFile, D:\MotorControl\STLM-24-25-1\Inc\mc_math.h_save
2026-01-21 11:10:00,489 INFO  [LineInfo_to_exitCode.log_LineInfo] Generated code: D:\MotorControl\STLM-24-25-1\Inc\mc_math.h
2026-01-21 11:10:00,506 DEBUG [LineInfo_to_exitCode.log_LineInfo] 2026-01-21 11:10:00,505 [INFO] CodeEngine:265 - oldGeneratedFile, D:\MotorControl\STLM-24-25-1\Src\mc_interface.c_save
2026-01-21 11:10:00,644 INFO  [LineInfo_to_exitCode.log_LineInfo] Generated code: D:\MotorControl\STLM-24-25-1\Src\mc_interface.c
2026-01-21 11:10:00,662 DEBUG [LineInfo_to_exitCode.log_LineInfo] 2026-01-21 11:10:00,662 [INFO] CodeEngine:265 - oldGeneratedFile, D:\MotorControl\STLM-24-25-1\Inc\mc_interface.h_save
2026-01-21 11:10:00,779 INFO  [LineInfo_to_exitCode.log_LineInfo] Generated code: D:\MotorControl\STLM-24-25-1\Inc\mc_interface.h
2026-01-21 11:10:00,795 DEBUG [LineInfo_to_exitCode.log_LineInfo] 2026-01-21 11:10:00,795 [INFO] CodeEngine:265 - oldGeneratedFile, D:\MotorControl\STLM-24-25-1\Inc\parameters_conversion.h_save
2026-01-21 11:10:00,957 INFO  [LineInfo_to_exitCode.log_LineInfo] Generated code: D:\MotorControl\STLM-24-25-1\Inc\parameters_conversion.h
2026-01-21 11:10:00,975 DEBUG [LineInfo_to_exitCode.log_LineInfo] 2026-01-21 11:10:00,974 [INFO] CodeEngine:265 - oldGeneratedFile, D:\MotorControl\STLM-24-25-1\Inc\parameters_conversion_f30x.h_save
2026-01-21 11:10:01,085 INFO  [LineInfo_to_exitCode.log_LineInfo] Generated code: D:\MotorControl\STLM-24-25-1\Inc\parameters_conversion_f30x.h
2026-01-21 11:10:01,093 DEBUG [LineInfo_to_exitCode.log_LineInfo] 2026-01-21 11:10:01,092 [INFO] CodeEngine:265 - oldGeneratedFile, D:\MotorControl\STLM-24-25-1\Inc\pmsm_motor_parameters.h_save
2026-01-21 11:10:01,178 INFO  [LineInfo_to_exitCode.log_LineInfo] Generated code: D:\MotorControl\STLM-24-25-1\Inc\pmsm_motor_parameters.h
2026-01-21 11:10:01,183 DEBUG [LineInfo_to_exitCode.log_LineInfo] 2026-01-21 11:10:01,183 [INFO] CodeEngine:265 - oldGeneratedFile, D:\MotorControl\STLM-24-25-1\Inc\power_stage_parameters.h_save
2026-01-21 11:10:01,275 INFO  [LineInfo_to_exitCode.log_LineInfo] Generated code: D:\MotorControl\STLM-24-25-1\Inc\power_stage_parameters.h
2026-01-21 11:10:01,280 DEBUG [LineInfo_to_exitCode.log_LineInfo] 2026-01-21 11:10:01,280 [INFO] CodeEngine:265 - oldGeneratedFile, D:\MotorControl\STLM-24-25-1\Src\stm32_mc_common_it.c_save
2026-01-21 11:10:01,390 INFO  [LineInfo_to_exitCode.log_LineInfo] Generated code: D:\MotorControl\STLM-24-25-1\Src\stm32_mc_common_it.c
2026-01-21 11:10:01,396 DEBUG [LineInfo_to_exitCode.log_LineInfo] 2026-01-21 11:10:01,396 [INFO] CodeEngine:265 - oldGeneratedFile, D:\MotorControl\STLM-24-25-1\Src\stm32f30x_mc_it.c_save
2026-01-21 11:10:01,521 INFO  [LineInfo_to_exitCode.log_LineInfo] Generated code: D:\MotorControl\STLM-24-25-1\Src\stm32f30x_mc_it.c
2026-01-21 11:10:01,527 DEBUG [LineInfo_to_exitCode.log_LineInfo] 2026-01-21 11:10:01,526 [INFO] CodeEngine:265 - oldGeneratedFile, D:\MotorControl\STLM-24-25-1\Inc\mc_parameters.h_save
2026-01-21 11:10:01,622 INFO  [LineInfo_to_exitCode.log_LineInfo] Generated code: D:\MotorControl\STLM-24-25-1\Inc\mc_parameters.h
2026-01-21 11:10:01,630 DEBUG [LineInfo_to_exitCode.log_LineInfo] 2026-01-21 11:10:01,629 [INFO] CodeEngine:265 - oldGeneratedFile, D:\MotorControl\STLM-24-25-1\Src\mc_parameters.c_save
2026-01-21 11:10:01,801 INFO  [LineInfo_to_exitCode.log_LineInfo] Generated code: D:\MotorControl\STLM-24-25-1\Src\mc_parameters.c
2026-01-21 11:10:01,808 DEBUG [LineInfo_to_exitCode.log_LineInfo] 2026-01-21 11:10:01,808 [INFO] CodeEngine:265 - oldGeneratedFile, D:\MotorControl\STLM-24-25-1\Src\mc_configuration_registers.c_save
2026-01-21 11:10:01,882 INFO  [LineInfo_to_exitCode.log_LineInfo] Generated code: D:\MotorControl\STLM-24-25-1\Src\mc_configuration_registers.c
2026-01-21 11:10:01,888 DEBUG [LineInfo_to_exitCode.log_LineInfo] 2026-01-21 11:10:01,888 [INFO] CodeEngine:265 - oldGeneratedFile, D:\MotorControl\STLM-24-25-1\Inc\mc_configuration_registers.h_save
2026-01-21 11:10:01,981 INFO  [LineInfo_to_exitCode.log_LineInfo] Generated code: D:\MotorControl\STLM-24-25-1\Inc\mc_configuration_registers.h
2026-01-21 11:10:01,986 DEBUG [LineInfo_to_exitCode.log_LineInfo] 2026-01-21 11:10:01,985 [INFO] CodeEngine:265 - oldGeneratedFile, D:\MotorControl\STLM-24-25-1\Inc\mc_app_hooks.h_save
2026-01-21 11:10:02,062 INFO  [LineInfo_to_exitCode.log_LineInfo] Generated code: D:\MotorControl\STLM-24-25-1\Inc\mc_app_hooks.h
2026-01-21 11:10:02,067 DEBUG [LineInfo_to_exitCode.log_LineInfo] 2026-01-21 11:10:02,067 [INFO] CodeEngine:265 - oldGeneratedFile, D:\MotorControl\STLM-24-25-1\Src\mc_app_hooks.c_save
2026-01-21 11:10:02,148 INFO  [LineInfo_to_exitCode.log_LineInfo] Generated code: D:\MotorControl\STLM-24-25-1\Src\mc_app_hooks.c
2026-01-21 11:10:02,164 DEBUG [LineInfo_to_exitCode.log_LineInfo] 2026-01-21 11:10:02,163 [INFO] CodeEngine:265 - oldGeneratedFile, D:\MotorControl\STLM-24-25-1\Src\stm32f3xx_it.c_save
2026-01-21 11:10:02,308 INFO  [LineInfo_to_exitCode.log_LineInfo] Generated code: D:\MotorControl\STLM-24-25-1\Src\stm32f3xx_it.c
2026-01-21 11:10:02,313 DEBUG [LineInfo_to_exitCode.log_LineInfo] 2026-01-21 11:10:02,313 [INFO] CodeEngine:265 - oldGeneratedFile, D:\MotorControl\STLM-24-25-1\Inc\stm32f3xx_it.h_save
2026-01-21 11:10:02,412 INFO  [LineInfo_to_exitCode.log_LineInfo] Generated code: D:\MotorControl\STLM-24-25-1\Inc\stm32f3xx_it.h
2026-01-21 11:10:02,435 DEBUG [LineInfo_to_exitCode.log_LineInfo] 2026-01-21 11:10:02,435 [INFO] CodeEngine:265 - oldGeneratedFile, D:\MotorControl\STLM-24-25-1\Src\stm32f3xx_hal_msp.c_save
2026-01-21 11:10:02,674 INFO  [LineInfo_to_exitCode.log_LineInfo] Generated code: D:\MotorControl\STLM-24-25-1\Src\stm32f3xx_hal_msp.c
2026-01-21 11:10:02,689 DEBUG [LineInfo_to_exitCode.log_LineInfo] 2026-01-21 11:10:02,689 [INFO] CodeEngine:265 - oldGeneratedFile, D:\MotorControl\STLM-24-25-1\MXTmpFiles\system.tmp_save
2026-01-21 11:10:02,774 DEBUG [LineInfo_to_exitCode.log_LineInfo] 2026-01-21 11:10:02,774 [INFO] CodeEngine:289 - Generated code: D:\MotorControl\STLM-24-25-1\MXTmpFiles\system.tmp
2026-01-21 11:10:02,786 DEBUG [LineInfo_to_exitCode.log_LineInfo] 2026-01-21 11:10:02,786 [INFO] CodeEngine:321 - oldGeneratedFile, D:\MotorControl\STLM-24-25-1\Inc\stm32f3xx_hal_conf.h_save
2026-01-21 11:10:02,952 INFO  [LineInfo_to_exitCode.log_LineInfo] Generated code: D:\MotorControl\STLM-24-25-1\Inc\stm32f3xx_hal_conf.h
2026-01-21 11:10:03,012 DEBUG [LineInfo_to_exitCode.log_LineInfo] 2026-01-21 11:10:03,012 [INFO] ApiDbMcu:532 - Load IP Config File for ADC1
2026-01-21 11:10:03,016 DEBUG [LineInfo_to_exitCode.log_LineInfo] 2026-01-21 11:10:03,015 [INFO] ApiDbMcu:532 - Load IP Config File for ADC2
2026-01-21 11:10:03,035 DEBUG [LineInfo_to_exitCode.log_LineInfo] 2026-01-21 11:10:03,035 [INFO] ApiDbMcu:532 - Load IP Config File for TIM1
2026-01-21 11:10:03,050 DEBUG [LineInfo_to_exitCode.log_LineInfo] 2026-01-21 11:10:03,050 [INFO] ApiDbMcu:532 - Load IP Config File for TIM2
2026-01-21 11:10:03,053 DEBUG [LineInfo_to_exitCode.log_LineInfo] 2026-01-21 11:10:03,053 [INFO] ApiDbMcu:532 - Load IP Config File for RCC
2026-01-21 11:10:03,070 DEBUG [LineInfo_to_exitCode.log_LineInfo] 2026-01-21 11:10:03,070 [INFO] CodeEngine:265 - oldGeneratedFile, D:\MotorControl\STLM-24-25-1\Inc\main.h_save
2026-01-21 11:10:03,240 INFO  [LineInfo_to_exitCode.log_LineInfo] Generated code: D:\MotorControl\STLM-24-25-1\Inc\main.h
2026-01-21 11:10:03,246 DEBUG [LineInfo_to_exitCode.log_LineInfo] 2026-01-21 11:10:03,246 [INFO] CodeEngine:265 - oldGeneratedFile, D:\MotorControl\STLM-24-25-1\Src\main.c_save
2026-01-21 11:10:03,451 INFO  [LineInfo_to_exitCode.log_LineInfo] Generated code: D:\MotorControl\STLM-24-25-1\Src\main.c
2026-01-21 11:10:04,298 DEBUG [LineInfo_to_exitCode.log_LineInfo] 2026-01-21 11:10:04,297 [INFO] ProjectBuilder:3606 - Time for Copy HAL[0] : 607mS.
2026-01-21 11:10:04,307 DEBUG [LineInfo_to_exitCode.log_LineInfo] 2026-01-21 11:10:04,306 [INFO] ProjectBuilder:5216 - Project Generator version: 4.7.0-B52
2026-01-21 11:10:04,465 DEBUG [LineInfo_to_exitCode.log_LineInfo] 2026-01-21 11:10:04,464 [INFO] ConfigFileManager:1595 - The Die is : DIE446
2026-01-21 11:10:04,472 DEBUG [LineInfo_to_exitCode.log_LineInfo] 2026-01-21 11:10:04,472 [INFO] ApiDbMcu:532 - Load IP Config File for FATFS
2026-01-21 11:10:04,477 DEBUG [LineInfo_to_exitCode.log_LineInfo] 2026-01-21 11:10:04,477 [INFO] ApiDbMcu:532 - Load IP Config File for FREERTOS
2026-01-21 11:10:04,490 DEBUG [LineInfo_to_exitCode.log_LineInfo] 2026-01-21 11:10:04,490 [INFO] ApiDbMcu:532 - Load IP Config File for TOUCHSENSING
2026-01-21 11:10:04,497 DEBUG [LineInfo_to_exitCode.log_LineInfo] 2026-01-21 11:10:04,497 [INFO] ApiDbMcu:532 - Load IP Config File for USB_DEVICE
2026-01-21 11:10:06,340 DEBUG [LineInfo_to_exitCode.log_LineInfo] 2026-01-21 11:10:06,340 [INFO] ConfigFileManager:3131 - mx.scratch is deleted!
2026-01-21 11:10:06,340 DEBUG [LineInfo_to_exitCode.log_LineInfo] 2026-01-21 11:10:06,340 [INFO] ProjectBuilder:5496 - Time for Generating toolchain IDE Files: 2035mS.
2026-01-21 11:10:08,142 DEBUG [LineInfo_to_exitCode.log_LineInfo] 2026-01-21 11:10:08,142 [INFO] ProjectBuilder:3463 - Time for Copy CMSIS : 1801mS.
2026-01-21 11:10:08,675 DEBUG [LineInfo_to_exitCode.log_LineInfo] 2026-01-21 11:10:08,675 [INFO] ProjectBuilder:3463 - Time for Copy CMSIS : 532mS.
2026-01-21 11:10:08,699 DEBUG [LineInfo_to_exitCode.log_LineInfo] 2026-01-21 11:10:08,699 [INFO] MainFileManager:739 - Exiting application...
2026-01-21 11:10:08,777 DEBUG [LineInfo_to_exitCode.log_LineInfo] 2026-01-21 11:10:08,777 [INFO] LoadUrlFilesThread:185 - End of LoadServerUrlFiles without Thread
2026-01-21 11:10:08,924 DEBUG [LineInfo_to_exitCode.log_LineInfo] 2026-01-21 11:10:08,923 [INFO] ServerAccessManage:452 - Complete download http(s) 200
2026-01-21 11:10:08,924 DEBUG [LineInfo_to_exitCode.log_LineInfo] 2026-01-21 11:10:08,923 [INFO] ServerAccessManage:509 - Download File 
2026-01-21 11:10:08,925 DEBUG [LineInfo_to_exitCode.log_LineInfo] 2026-01-21 11:10:08,925 [INFO] LoadUrlFilesThread:185 - End of LoadServerUrlFiles without Thread
2026-01-21 11:10:08,926 DEBUG [LineInfo_to_exitCode.log_LineInfo] 2026-01-21 11:10:08,926 [INFO] DbMcusAds:53 - JSON generation date=Thu Jan 08 18:56:32 MSK 2026 (1767887792457)
2026-01-21 11:10:08,928 DEBUG [LineInfo_to_exitCode.log_LineInfo] 2026-01-21 11:10:08,928 [INFO] LoadUrlFilesThread:185 - End of LoadServerUrlFiles without Thread
2026-01-21 11:10:08,928 DEBUG [LineInfo_to_exitCode.log_LineInfo] 2026-01-21 11:10:08,928 [INFO] MainFileManager:801 - Refresh advertisement image is successful
2026-01-21 11:10:08,928 DEBUG [LineInfo_to_exitCode.log_LineInfo] 2026-01-21 11:10:08,928 [INFO] ApplicationProperties:184 - Using Application install path: C:\Users\User\AppData\Local\Programs\STM32CubeMX
2026-01-21 11:10:08,929 DEBUG [LineInfo_to_exitCode.log_LineInfo] 2026-01-21 11:10:08,928 [INFO] ApplicationProperties:184 - Using Application install path: C:\Users\User\AppData\Local\Programs\STM32CubeMX
2026-01-21 11:10:09,503 DEBUG [LineInfo_to_exitCode.log_LineInfo] 2026-01-21 11:10:09,503 [INFO] UserAuth:487 - Internet connection configuration mode: 1
2026-01-21 11:10:09,782 DEBUG [LineInfo_to_exitCode.log_LineInfo] 2026-01-21 11:10:09,781 [INFO] WebApp:403 - JxBrowser engine has been closed 
2026-01-21 11:10:09,782 DEBUG [LineInfo_to_exitCode.log_LineInfo] 2026-01-21 11:10:09,782 [INFO] WebApp:750 - Close the Jxbrowser engine manually
2026-01-21 11:10:21,140 DEBUG [IOCDialogController.lambda$onClose$8] IOCGenerationDialog exists with return code 1
